,Award,Category,Film,Nominee,Type,Winner,Year
0,Directing (Comedy Picture),,Two Arabian Knights,Lewis Milestone,Academy Award,True,1928
1,Directing (Comedy Picture),,Speedy,Ted Wilde,Academy Award,False,1928
2,Directing (Dramatic Picture),,7th Heaven,Frank Borzage,Academy Award,True,1928
3,Directing (Dramatic Picture),,Sorrell and Son,Herbert Brenon,Academy Award,False,1928
4,Directing (Dramatic Picture),,The Crowd,King Vidor,Academy Award,False,1928
5,Directing,,Madame X,Lionel Barrymore,Academy Award,False,1929
6,Directing,,The Broadway Melody,Harry Beaumont,Academy Award,False,1929
7,Directing,,In Old Arizona,Irving Cummings,Academy Award,False,1929
8,Directing,,The Divine Lady,Frank Lloyd,Academy Award,True,1929
9,Directing,,Drag; and Weary River,Frank Lloyd,Academy Award,False,1929
10,Directing,,The Patriot,Ernst Lubitsch,Academy Award,False,1929
11,Directing,,Anna Christie; and Romance,Clarence Brown,Academy Award,False,1930
12,Directing,,The Divorcee,Robert Leonard,Academy Award,False,1930
13,Directing,,The Love Parade,Ernst Lubitsch,Academy Award,False,1930
14,Directing,,All Quiet on the Western Front,Lewis Milestone,Academy Award,True,1930
15,Directing,,Hallelujah,King Vidor,Academy Award,False,1930
16,Directing,,Cimarron,Wesley Ruggles,Academy Award,False,1931
17,Directing,,A Free Soul,Clarence Brown,Academy Award,False,1931
18,Directing,,The Front Page,Lewis Milestone,Academy Award,False,1931
19,Directing,,Morocco,Josef Von Sternberg,Academy Award,False,1931
20,Directing,,Skippy,Norman Taurog,Academy Award,True,1931
21,Directing,,Bad Girl,Frank Borzage,Academy Award,True,1932
22,Directing,,The Champ,King Vidor,Academy Award,False,1932
23,Directing,,Shanghai Express,Josef Von Sternberg,Academy Award,False,1932
24,Directing,,Cavalcade,Frank Lloyd,Academy Award,True,1933
25,Directing,,Lady for a Day,Frank Capra [Second],Academy Award,False,1933
26,Directing,,Little Women,George Cukor [Third],Academy Award,False,1933
27,Directing,,It Happened One Night,Frank Capra,Academy Award,True,1934
28,Directing,,One Night of Love,Victor Schertzinger [Third],Academy Award,False,1934
29,Directing,,The Thin Man,W. S. Van Dyke [Second],Academy Award,False,1934
30,Directing,,Captain Blood,Michael Curtiz [Second],Academy Award,False,1935
31,Directing,,The Informer,John Ford,Academy Award,True,1935
32,Directing,,The Lives of a Bengal Lancer,Henry Hathaway [Third],Academy Award,False,1935
33,Directing,,Mutiny on the Bounty,Frank Lloyd,Academy Award,False,1935
34,Directing,,Dodsworth,William Wyler,Academy Award,False,1936
35,Directing,,The Great Ziegfeld,Robert Z. Leonard,Academy Award,False,1936
36,Directing,,Mr. Deeds Goes to Town,Frank Capra,Academy Award,True,1936
37,Directing,,My Man Godfrey,Gregory La Cava,Academy Award,False,1936
38,Directing,,San Francisco,W. S. Van Dyke,Academy Award,False,1936
39,Directing,,The Awful Truth,Leo McCarey,Academy Award,True,1937
40,Directing,,The Good Earth,Sidney Franklin,Academy Award,False,1937
41,Directing,,The Life of Emile Zola,William Dieterle,Academy Award,False,1937
42,Directing,,Stage Door,Gregory La Cava,Academy Award,False,1937
43,Directing,,A Star Is Born,William Wellman,Academy Award,False,1937
44,Directing,,Angels with Dirty Faces,Michael Curtiz,Academy Award,False,1938
45,Directing,,Boys Town,Norman Taurog,Academy Award,False,1938
46,Directing,,The Citadel,King Vidor,Academy Award,False,1938
47,Directing,,Four Daughters,Michael Curtiz,Academy Award,False,1938
48,Directing,,You Can't Take It with You,Frank Capra,Academy Award,True,1938
49,Directing,,Gone with the Wind,Victor Fleming,Academy Award,True,1939
50,Directing,,"Goodbye, Mr. Chips",Sam Wood,Academy Award,False,1939
51,Directing,,Mr. Smith Goes to Washington,Frank Capra,Academy Award,False,1939
52,Directing,,Stagecoach,John Ford,Academy Award,False,1939
53,Directing,,Wuthering Heights,William Wyler,Academy Award,False,1939
54,Directing,,The Grapes of Wrath,John Ford,Academy Award,True,1940
55,Directing,,Kitty Foyle,Sam Wood,Academy Award,False,1940
56,Directing,,The Letter,William Wyler,Academy Award,False,1940
57,Directing,,The Philadelphia Story,George Cukor,Academy Award,False,1940
58,Directing,,Rebecca,Alfred Hitchcock,Academy Award,False,1940
59,Directing,,Citizen Kane,Orson Welles,Academy Award,False,1941
60,Directing,,Here Comes Mr. Jordan,Alexander Hall,Academy Award,False,1941
61,Directing,,How Green Was My Valley,John Ford,Academy Award,True,1941
62,Directing,,The Little Foxes,William Wyler,Academy Award,False,1941
63,Directing,,Sergeant York,Howard Hawks,Academy Award,False,1941
64,Directing,,Kings Row,Sam Wood,Academy Award,False,1942
65,Directing,,Mrs. Miniver,William Wyler,Academy Award,True,1942
66,Directing,,Random Harvest,Mervyn LeRoy,Academy Award,False,1942
67,Directing,,Wake Island,John Farrow,Academy Award,False,1942
68,Directing,,Yankee Doodle Dandy,Michael Curtiz,Academy Award,False,1942
69,Directing,,Casablanca,Michael Curtiz,Academy Award,True,1943
70,Directing,,Heaven Can Wait,Ernst Lubitsch,Academy Award,False,1943
71,Directing,,The Human Comedy,Clarence Brown,Academy Award,False,1943
72,Directing,,The More the Merrier,George Stevens,Academy Award,False,1943
73,Directing,,The Song of Bernadette,Henry King,Academy Award,False,1943
74,Directing,,Double Indemnity,Billy Wilder,Academy Award,False,1944
75,Directing,,Going My Way,Leo McCarey,Academy Award,True,1944
76,Directing,,Laura,Otto Preminger,Academy Award,False,1944
77,Directing,,Lifeboat,Alfred Hitchcock,Academy Award,False,1944
78,Directing,,Wilson,Henry King,Academy Award,False,1944
79,Directing,,The Bells of St. Mary's,Leo McCarey,Academy Award,False,1945
80,Directing,,The Lost Weekend,Billy Wilder,Academy Award,True,1945
81,Directing,,National Velvet,Clarence Brown,Academy Award,False,1945
82,Directing,,The Southerner,Jean Renoir,Academy Award,False,1945
83,Directing,,Spellbound,Alfred Hitchcock,Academy Award,False,1945
84,Directing,,The Best Years of Our Lives,William Wyler,Academy Award,True,1946
85,Directing,,Brief Encounter,David Lean,Academy Award,False,1946
86,Directing,,It's a Wonderful Life,Frank Capra,Academy Award,False,1946
87,Directing,,The Killers,Robert Siodmak,Academy Award,False,1946
88,Directing,,The Yearling,Clarence Brown,Academy Award,False,1946
89,Directing,,The Bishop's Wife,Henry Koster,Academy Award,False,1947
90,Directing,,Crossfire,Edward Dmytryk,Academy Award,False,1947
91,Directing,,A Double Life,George Cukor,Academy Award,False,1947
92,Directing,,Gentleman's Agreement,Elia Kazan,Academy Award,True,1947
93,Directing,,Great Expectations,David Lean,Academy Award,False,1947
94,Directing,,Hamlet,Laurence Olivier,Academy Award,False,1948
95,Directing,,Johnny Belinda,Jean Negulesco,Academy Award,False,1948
96,Directing,,The Search,Fred Zinnemann,Academy Award,False,1948
97,Directing,,The Snake Pit,Anatole Litvak,Academy Award,False,1948
98,Directing,,The Treasure of the Sierra Madre,John Huston,Academy Award,True,1948
99,Directing,,All the King's Men,Robert Rossen,Academy Award,False,1949
100,Directing,,Battleground,William A. Wellman,Academy Award,False,1949
101,Directing,,The Fallen Idol,Carol Reed,Academy Award,False,1949
102,Directing,,The Heiress,William Wyler,Academy Award,False,1949
103,Directing,,A Letter to Three Wives,Joseph L. Mankiewicz,Academy Award,True,1949
104,Directing,,All about Eve,Joseph L. Mankiewicz,Academy Award,True,1950
105,Directing,,The Asphalt Jungle,John Huston,Academy Award,False,1950
106,Directing,,Born Yesterday,George Cukor,Academy Award,False,1950
107,Directing,,Sunset Blvd.,Billy Wilder,Academy Award,False,1950
108,Directing,,The Third Man,Carol Reed,Academy Award,False,1950
109,Directing,,The African Queen,John Huston,Academy Award,False,1951
110,Directing,,An American in Paris,Vincente Minnelli,Academy Award,False,1951
111,Directing,,Detective Story,William Wyler,Academy Award,False,1951
112,Directing,,A Place in the Sun,George Stevens,Academy Award,True,1951
113,Directing,,A Streetcar Named Desire,Elia Kazan,Academy Award,False,1951
114,Directing,,Five Fingers,Joseph L. Mankiewicz,Academy Award,False,1952
115,Directing,,The Greatest Show on Earth,Cecil B. DeMille,Academy Award,False,1952
116,Directing,,High Noon,Fred Zinnemann,Academy Award,False,1952
117,Directing,,Moulin Rouge,John Huston,Academy Award,False,1952
118,Directing,,The Quiet Man,John Ford,Academy Award,True,1952
119,Directing,,From Here to Eternity,Fred Zinnemann,Academy Award,True,1953
120,Directing,,Lili,Charles Walters,Academy Award,False,1953
121,Directing,,Roman Holiday,William Wyler,Academy Award,False,1953
122,Directing,,Shane,George Stevens,Academy Award,False,1953
123,Directing,,Stalag 17,Billy Wilder,Academy Award,False,1953
124,Directing,,The Country Girl,George Seaton,Academy Award,False,1954
125,Directing,,The High and the Mighty,William Wellman,Academy Award,False,1954
126,Directing,,On the Waterfront,Elia Kazan,Academy Award,True,1954
127,Directing,,Rear Window,Alfred Hitchcock,Academy Award,False,1954
128,Directing,,Sabrina,Billy Wilder,Academy Award,False,1954
129,Directing,,Bad Day at Black Rock,John Sturges,Academy Award,False,1955
130,Directing,,East of Eden,Elia Kazan,Academy Award,False,1955
131,Directing,,Marty,Delbert Mann,Academy Award,True,1955
132,Directing,,Picnic,Joshua Logan,Academy Award,False,1955
133,Directing,,Summertime,David Lean,Academy Award,False,1955
134,Directing,,Around the World in 80 Days,Michael Anderson,Academy Award,False,1956
135,Directing,,Friendly Persuasion,William Wyler,Academy Award,False,1956
136,Directing,,Giant,George Stevens,Academy Award,True,1956
137,Directing,,The King and I,Walter Lang,Academy Award,False,1956
138,Directing,,War and Peace,King Vidor,Academy Award,False,1956
139,Directing,,The Bridge on the River Kwai,David Lean,Academy Award,True,1957
140,Directing,,Peyton Place,Mark Robson,Academy Award,False,1957
141,Directing,,Sayonara,Joshua Logan,Academy Award,False,1957
142,Directing,,12 Angry Men,Sidney Lumet,Academy Award,False,1957
143,Directing,,Witness for the Prosecution,Billy Wilder,Academy Award,False,1957
144,Directing,,Cat on a Hot Tin Roof,Richard Brooks,Academy Award,False,1958
145,Directing,,The Defiant Ones,Stanley Kramer,Academy Award,False,1958
146,Directing,,Gigi,Vincente Minnelli,Academy Award,True,1958
147,Directing,,I Want to Live!,Robert Wise,Academy Award,False,1958
148,Directing,,The Inn of the Sixth Happiness,Mark Robson,Academy Award,False,1958
149,Directing,,Ben-Hur,William Wyler,Academy Award,True,1959
150,Directing,,The Diary of Anne Frank,George Stevens,Academy Award,False,1959
151,Directing,,The Nun's Story,Fred Zinnemann,Academy Award,False,1959
152,Directing,,Room at the Top,Jack Clayton,Academy Award,False,1959
153,Directing,,Some Like It Hot,Billy Wilder,Academy Award,False,1959
154,Directing,,The Apartment,Billy Wilder,Academy Award,True,1960
155,Directing,,Never on Sunday,Jules Dassin,Academy Award,False,1960
156,Directing,,Psycho,Alfred Hitchcock,Academy Award,False,1960
157,Directing,,Sons and Lovers,Jack Cardiff,Academy Award,False,1960
158,Directing,,The Sundowners,Fred Zinnemann,Academy Award,False,1960
159,Directing,,The Guns of Navarone,J. Lee Thompson,Academy Award,False,1961
160,Directing,,The Hustler,Robert Rossen,Academy Award,False,1961
161,Directing,,Judgment at Nuremberg,Stanley Kramer,Academy Award,False,1961
162,Directing,,La Dolce Vita,Federico Fellini,Academy Award,False,1961
163,Directing,,West Side Story,"Robert Wise, Jerome Robbins",Academy Award,True,1961
164,Directing,,David and Lisa,Frank Perry,Academy Award,False,1962
165,Directing,,Divorce--Italian Style,Pietro Germi,Academy Award,False,1962
166,Directing,,Lawrence of Arabia,David Lean,Academy Award,True,1962
167,Directing,,The Miracle Worker,Arthur Penn,Academy Award,False,1962
168,Directing,,To Kill a Mockingbird,Robert Mulligan,Academy Award,False,1962
169,Directing,,America America,Elia Kazan,Academy Award,False,1963
170,Directing,,The Cardinal,Otto Preminger,Academy Award,False,1963
171,Directing,,Federico Fellini's 8-1/2,Federico Fellini,Academy Award,False,1963
172,Directing,,Hud,Martin Ritt,Academy Award,False,1963
173,Directing,,Tom Jones,Tony Richardson,Academy Award,True,1963
174,Directing,,Becket,Peter Glenville,Academy Award,False,1964
175,Directing,,Dr. Strangelove or: How I Learned to Stop Worrying and Love the Bomb,Stanley Kubrick,Academy Award,False,1964
176,Directing,,Mary Poppins,Robert Stevenson,Academy Award,False,1964
177,Directing,,My Fair Lady,George Cukor,Academy Award,True,1964
178,Directing,,Zorba the Greek,Michael Cacoyannis,Academy Award,False,1964
179,Directing,,The Collector,William Wyler,Academy Award,False,1965
180,Directing,,Darling,John Schlesinger,Academy Award,False,1965
181,Directing,,Doctor Zhivago,David Lean,Academy Award,False,1965
182,Directing,,The Sound of Music,Robert Wise,Academy Award,True,1965
183,Directing,,Woman in the Dunes,Hiroshi Teshigahara,Academy Award,False,1965
184,Directing,,Blow-Up,Michelangelo Antonioni,Academy Award,False,1966
185,Directing,,A Man and a Woman,Claude Lelouch,Academy Award,False,1966
186,Directing,,A Man for All Seasons,Fred Zinnemann,Academy Award,True,1966
187,Directing,,The Professionals,Richard Brooks,Academy Award,False,1966
188,Directing,,Who's Afraid of Virginia Woolf?,Mike Nichols,Academy Award,False,1966
189,Directing,,Bonnie and Clyde,Arthur Penn,Academy Award,False,1967
190,Directing,,The Graduate,Mike Nichols,Academy Award,True,1967
191,Directing,,Guess Who's Coming to Dinner,Stanley Kramer,Academy Award,False,1967
192,Directing,,In Cold Blood,Richard Brooks,Academy Award,False,1967
193,Directing,,In the Heat of the Night,Norman Jewison,Academy Award,False,1967
194,Directing,,The Battle of Algiers,Gillo Pontecorvo,Academy Award,False,1968
195,Directing,,The Lion in Winter,Anthony Harvey,Academy Award,False,1968
196,Directing,,Oliver!,Carol Reed,Academy Award,True,1968
197,Directing,,Romeo and Juliet,Franco Zeffirelli,Academy Award,False,1968
198,Directing,,2001: A Space Odyssey,Stanley Kubrick,Academy Award,False,1968
199,Directing,,Alice's Restaurant,Arthur Penn,Academy Award,False,1969
200,Directing,,Butch Cassidy and the Sundance Kid,George Roy Hill,Academy Award,False,1969
201,Directing,,Midnight Cowboy,John Schlesinger,Academy Award,True,1969
202,Directing,,"They Shoot Horses, Don't They?",Sydney Pollack,Academy Award,False,1969
203,Directing,,Z,Costa-Gavras,Academy Award,False,1969
204,Directing,,Fellini Satyricon,Federico Fellini,Academy Award,False,1970
205,Directing,,Love Story,Arthur Hiller,Academy Award,False,1970
206,Directing,,MA*S*H,Robert Altman,Academy Award,True,1970
207,Directing,,Patton,Franklin J. Schaffner,Academy Award,True,1970
208,Directing,,Women in Love,Ken Russell,Academy Award,False,1970
209,Directing,,A Clockwork Orange,Stanley Kubrick,Academy Award,False,1971
210,Directing,,Fiddler on the Roof,Norman Jewison,Academy Award,False,1971
211,Directing,,The French Connection,William Friedkin,Academy Award,True,1971
212,Directing,,The Last Picture Show,Peter Bogdanovich,Academy Award,False,1971
213,Directing,,Sunday Bloody Sunday,John Schlesinger,Academy Award,False,1971
214,Directing,,Cabaret,Bob Fosse,Academy Award,True,1972
215,Directing,,Deliverance,John Boorman,Academy Award,False,1972
216,Directing,,The Emigrants,Jan Troell,Academy Award,False,1972
217,Directing,,The Godfather,Francis Ford Coppola,Academy Award,False,1972
218,Directing,,Sleuth,Joseph L. Mankiewicz,Academy Award,False,1972
219,Directing,,American Graffiti,George Lucas,Academy Award,False,1973
220,Directing,,Cries and Whispers,Ingmar Bergman,Academy Award,False,1973
221,Directing,,The Exorcist,William Friedkin,Academy Award,False,1973
222,Directing,,Last Tango in Paris,Bernardo Bertolucci,Academy Award,False,1973
223,Directing,,The Sting,George Roy Hill,Academy Award,True,1973
224,Directing,,Chinatown,Roman Polanski,Academy Award,False,1974
225,Directing,,Day for Night,Francois Truffaut,Academy Award,False,1974
226,Directing,,The Godfather Part II,Francis Ford Coppola,Academy Award,True,1974
227,Directing,,Lenny,Bob Fosse,Academy Award,False,1974
228,Directing,,A Woman under the Influence,John Cassavetes,Academy Award,False,1974
229,Directing,,Amarcord,Federico Fellini,Academy Award,False,1975
230,Directing,,Barry Lyndon,Stanley Kubrick,Academy Award,False,1975
231,Directing,,Dog Day Afternoon,Sidney Lumet,Academy Award,False,1975
232,Directing,,Nashville,Robert Altman,Academy Award,False,1975
233,Directing,,One Flew over the Cuckoo's Nest,Milos Forman,Academy Award,True,1975
234,Directing,,All the President's Men,Alan J. Pakula,Academy Award,False,1976
235,Directing,,Face to Face,Ingmar Bergman,Academy Award,False,1976
236,Directing,,Network,Sidney Lumet,Academy Award,False,1976
237,Directing,,Rocky,John G. Avildsen,Academy Award,True,1976
238,Directing,,Seven Beauties,Lina Wertmüller,Academy Award,False,1976
239,Directing,,Annie Hall,Woody Allen,Academy Award,True,1977
240,Directing,,Close Encounters of the Third Kind,Steven Spielberg,Academy Award,False,1977
241,Directing,,Julia,Fred Zinnemann,Academy Award,False,1977
242,Directing,,Star Wars,George Lucas,Academy Award,False,1977
243,Directing,,The Turning Point,Herbert Ross,Academy Award,False,1977
244,Directing,,Coming Home,Hal Ashby,Academy Award,False,1978
245,Directing,,The Deer Hunter,Michael Cimino,Academy Award,True,1978
246,Directing,,Heaven Can Wait,"Warren Beatty, Buck Henry",Academy Award,False,1978
247,Directing,,Interiors,Woody Allen,Academy Award,False,1978
248,Directing,,Midnight Express,Alan Parker,Academy Award,False,1978
249,Directing,,All That Jazz,Bob Fosse,Academy Award,False,1979
250,Directing,,Apocalypse Now,Francis Coppola,Academy Award,False,1979
251,Directing,,Breaking Away,Peter Yates,Academy Award,False,1979
252,Directing,,Kramer vs. Kramer,Robert Benton,Academy Award,True,1979
253,Directing,,La Cage aux Folles,Edouard Molinaro,Academy Award,False,1979
254,Directing,,The Elephant Man,David Lynch,Academy Award,False,1980
255,Directing,,Ordinary People,Robert Redford,Academy Award,True,1980
256,Directing,,Raging Bull,Martin Scorsese,Academy Award,False,1980
257,Directing,,The Stunt Man,Richard Rush,Academy Award,False,1980
258,Directing,,Tess,Roman Polanski,Academy Award,False,1980
259,Directing,,Atlantic City,Louis Malle,Academy Award,False,1981
260,Directing,,Chariots of Fire,Hugh Hudson,Academy Award,False,1981
261,Directing,,On Golden Pond,Mark Rydell,Academy Award,False,1981
262,Directing,,Raiders of the Lost Ark,Steven Spielberg,Academy Award,False,1981
263,Directing,,Reds,Warren Beatty,Academy Award,True,1981
264,Directing,,Das Boot,Wolfgang Petersen,Academy Award,False,1982
265,Directing,,E.T. The Extra-Terrestrial,Steven Spielberg,Academy Award,False,1982
266,Directing,,Gandhi,Richard Attenborough,Academy Award,True,1982
267,Directing,,Tootsie,Sydney Pollack,Academy Award,False,1982
268,Directing,,The Verdict,Sidney Lumet,Academy Award,False,1982
269,Directing,,The Dresser,Peter Yates,Academy Award,False,1983
270,Directing,,Fanny & Alexander,Ingmar Bergman,Academy Award,False,1983
271,Directing,,Silkwood,Mike Nichols,Academy Award,False,1983
272,Directing,,Tender Mercies,Bruce Beresford,Academy Award,False,1983
273,Directing,,Terms of Endearment,James L. Brooks,Academy Award,True,1983
274,Directing,,Amadeus,Milos Forman,Academy Award,True,1984
275,Directing,,Broadway Danny Rose,Woody Allen,Academy Award,False,1984
276,Directing,,The Killing Fields,Roland Joffé ,Academy Award,False,1984
277,Directing,,A Passage to India,David Lean,Academy Award,False,1984
278,Directing,,Places in the Heart,Robert Benton,Academy Award,False,1984
279,Directing,,Kiss of the Spider Woman,Hector Babenco,Academy Award,False,1985
280,Directing,,Out of Africa,Sydney Pollack,Academy Award,True,1985
281,Directing,,Prizzi's Honor,John Huston,Academy Award,False,1985
282,Directing,,Ran,Akira Kurosawa,Academy Award,False,1985
283,Directing,,Witness,Peter Weir,Academy Award,False,1985
284,Directing,,Blue Velvet,David Lynch,Academy Award,False,1986
285,Directing,,Hannah and Her Sisters,Woody Allen,Academy Award,False,1986
286,Directing,,The Mission,Roland Joffé,Academy Award,False,1986
287,Directing,,Platoon,Oliver Stone,Academy Award,True,1986
288,Directing,,A Room with a View,James Ivory,Academy Award,False,1986
289,Directing,,Fatal Attraction,Adrian Lyne,Academy Award,False,1987
290,Directing,,Hope and Glory,John Boorman,Academy Award,False,1987
291,Directing,,The Last Emperor,Bernardo Bertolucci,Academy Award,True,1987
292,Directing,,Moonstruck,Norman Jewison,Academy Award,False,1987
293,Directing,,My Life as a Dog,Lasse Hallström,Academy Award,False,1987
294,Directing,,A Fish Called Wanda,Charles Crichton,Academy Award,False,1988
295,Directing,,The Last Temptation of Christ,Martin Scorsese,Academy Award,False,1988
296,Directing,,Mississippi Burning,Alan Parker,Academy Award,False,1988
297,Directing,,Rain Man,Barry Levinson,Academy Award,True,1988
298,Directing,,Working Girl,Mike Nichols,Academy Award,False,1988
299,Directing,,Born on the Fourth of July,Oliver Stone,Academy Award,True,1989
300,Directing,,Crimes and Misdemeanors,Woody Allen,Academy Award,False,1989
301,Directing,,Dead Poets Society,Peter Weir,Academy Award,False,1989
302,Directing,,Henry V,Kenneth Branagh,Academy Award,False,1989
303,Directing,,My Left Foot,Jim Sheridan,Academy Award,False,1989
304,Directing,,Dances With Wolves,Kevin Costner,Academy Award,True,1990
305,Directing,,"The Godfather, Part III",Francis Ford Coppola,Academy Award,False,1990
306,Directing,,Good Fellas,Martin Scorsese,Academy Award,False,1990
307,Directing,,The Grifters,Stephen Frears,Academy Award,False,1990
308,Directing,,Reversal of Fortune,Barbet Schroeder,Academy Award,False,1990
309,Directing,,Boyz N the Hood,John Singleton,Academy Award,False,1991
310,Directing,,Bugsy,Barry Levinson,Academy Award,False,1991
311,Directing,,JFK,Oliver Stone,Academy Award,False,1991
312,Directing,,The Silence of the Lambs,Jonathan Demme,Academy Award,True,1991
313,Directing,,Thelma & Louise,Ridley Scott,Academy Award,False,1991
314,Directing,,The Crying Game,Neil Jordan,Academy Award,False,1992
315,Directing,,Howards End,James Ivory,Academy Award,False,1992
316,Directing,,The Player,Robert Altman,Academy Award,False,1992
317,Directing,,Scent of a Woman,Martin Brest,Academy Award,False,1992
318,Directing,,Unforgiven,Clint Eastwood,Academy Award,True,1992
319,Directing,,In the Name of the Father,Jim Sheridan,Academy Award,False,1993
320,Directing,,The Piano,Jane Campion,Academy Award,False,1993
321,Directing,,The Remains of the Day,James Ivory,Academy Award,False,1993
322,Directing,,Schindler's List,Steven Spielberg,Academy Award,True,1993
323,Directing,,Short Cuts,Robert Altman,Academy Award,False,1993
324,Directing,,Bullets over Broadway,Woody Allen,Academy Award,False,1994
325,Directing,,Forrest Gump,Robert Zemeckis,Academy Award,True,1994
326,Directing,,Pulp Fiction,Quentin Tarantino,Academy Award,False,1994
327,Directing,,Quiz Show,Robert Redford,Academy Award,False,1994
328,Directing,,Red,Krzysztof Kieslowski,Academy Award,False,1994
329,Directing,,Babe,Chris Noonan,Academy Award,False,1995
330,Directing,,Braveheart,Mel Gibson,Academy Award,True,1995
331,Directing,,Dead Man Walking,Tim Robbins,Academy Award,False,1995
332,Directing,,Leaving Las Vegas,Mike Figgis,Academy Award,False,1995
333,Directing,,The Postman (Il Postino),Michael Radford,Academy Award,False,1995
334,Directing,,The English Patient,Anthony Minghella,Academy Award,True,1996
335,Directing,,Fargo,Joel Coen,Academy Award,False,1996
336,Directing,,The People vs. Larry Flynt,Milos Forman,Academy Award,False,1996
337,Directing,,Secrets & Lies,Mike Leigh,Academy Award,False,1996
338,Directing,,Shine,Scott Hicks,Academy Award,False,1996
339,Directing,,The Full Monty,Peter Cattaneo,Academy Award,False,1997
340,Directing,,Good Will Hunting,Gus Van Sant,Academy Award,False,1997
341,Directing,,L.A. Confidential,Curtis Hanson,Academy Award,False,1997
342,Directing,,The Sweet Hereafter,Atom Egoyan,Academy Award,False,1997
343,Directing,,Titanic,James Cameron,Academy Award,True,1997
344,Directing,,Life Is Beautiful,Roberto Benigni,Academy Award,False,1998
345,Directing,,Saving Private Ryan,Steven Spielberg,Academy Award,True,1998
346,Directing,,Shakespeare in Love,John Madden,Academy Award,False,1998
347,Directing,,The Thin Red Line,Terrence Malick,Academy Award,False,1998
348,Directing,,The Truman Show,Peter Weir,Academy Award,False,1998
349,Directing,,American Beauty,Sam Mendes,Academy Award,True,1999
350,Directing,,Being John Malkovich,Spike Jonze,Academy Award,False,1999
351,Directing,,The Cider House Rules,Lasse Hallström,Academy Award,False,1999
352,Directing,,The Insider,Michael Mann,Academy Award,False,1999
353,Directing,,The Sixth Sense,M. Night Shyamalan,Academy Award,False,1999
354,Directing,,Billy Elliot,Stephen Daldry,Academy Award,False,2000
355,Directing,,"Crouching Tiger, Hidden Dragon",Ang Lee,Academy Award,False,2000
356,Directing,,Erin Brockovich,Steven Soderbergh,Academy Award,False,2000
357,Directing,,Gladiator,Ridley Scott,Academy Award,False,2000
358,Directing,,Traffic,Steven Soderbergh,Academy Award,True,2000
359,Directing,,A Beautiful Mind,Ron Howard,Academy Award,True,2001
360,Directing,,Black Hawk Down,Ridley Scott,Academy Award,False,2001
361,Directing,,Gosford Park,Robert Altman,Academy Award,False,2001
362,Directing,,The Lord of the Rings: The Fellowship of the Ring,Peter Jackson,Academy Award,False,2001
363,Directing,,Mulholland Drive,David Lynch,Academy Award,False,2001
364,Directing,,Chicago,Rob Marshall,Academy Award,False,2002
365,Directing,,Gangs of New York,Martin Scorsese,Academy Award,False,2002
366,Directing,,The Hours,Stephen Daldry,Academy Award,False,2002
367,Directing,,The Pianist,Roman Polanski,Academy Award,True,2002
368,Directing,,Talk to Her,Pedro Almodóvar,Academy Award,False,2002
369,Directing,,City of God,Fernando Meirelles,Academy Award,False,2003
370,Directing,,The Lord of the Rings: The Return of the King,Peter Jackson,Academy Award,True,2003
371,Directing,,Lost in Translation,Sofia Coppola,Academy Award,False,2003
372,Directing,,Master and Commander: The Far Side of the World,Peter Weir,Academy Award,False,2003
373,Directing,,Mystic River,Clint Eastwood,Academy Award,False,2003
374,Directing,,The Aviator,Martin Scorsese,Academy Award,False,2004
375,Directing,,Million Dollar Baby,Clint Eastwood,Academy Award,True,2004
376,Directing,,Ray,Taylor Hackford,Academy Award,False,2004
377,Directing,,Sideways,Alexander Payne,Academy Award,False,2004
378,Directing,,Vera Drake,Mike Leigh,Academy Award,False,2004
379,Directing,,Brokeback Mountain,Ang Lee,Academy Award,True,2005
380,Directing,,Capote,Bennett Miller,Academy Award,False,2005
381,Directing,,Crash,Paul Haggis,Academy Award,False,2005
382,Directing,,"Good Night, and Good Luck.",George Clooney,Academy Award,False,2005
383,Directing,,Munich,Steven Spielberg,Academy Award,False,2005
384,Directing,,Babel,Alejandro González Iñárritu,Academy Award,False,2006
385,Directing,,The Departed,Martin Scorsese,Academy Award,True,2006
386,Directing,,Letters from Iwo Jima,Clint Eastwood,Academy Award,False,2006
387,Directing,,The Queen,Stephen Frears,Academy Award,False,2006
388,Directing,,United 93,Paul Greengrass,Academy Award,False,2006
389,Directing,,The Diving Bell and the Butterfly,Julian Schnabel,Academy Award,False,2007
390,Directing,,Juno,Jason Reitman,Academy Award,False,2007
391,Directing,,Michael Clayton,Tony Gilroy,Academy Award,False,2007
392,Directing,,No Country for Old Men,Joel Coen and Ethan Coen,Academy Award,True,2007
393,Directing,,There Will Be Blood,Paul Thomas Anderson,Academy Award,False,2007
394,Directing,,The Curious Case of Benjamin Button,David Fincher,Academy Award,False,2008
395,Directing,,Frost/Nixon,Ron Howard,Academy Award,False,2008
396,Directing,,Milk,Gus Van Sant,Academy Award,False,2008
397,Directing,,The Reader,Stephen Daldry,Academy Award,False,2008
398,Directing,,Slumdog Millionaire,Danny Boyle,Academy Award,True,2008
399,Directing,,Avatar,James Cameron,Academy Award,False,2009
400,Directing,,The Hurt Locker,Kathryn Bigelow,Academy Award,True,2009
401,Directing,,Inglourious Basterds,Quentin Tarantino,Academy Award,False,2009
402,Directing,,Precious: Based on the Novel 'Push' by Sapphire,Lee Daniels,Academy Award,False,2009
403,Directing,,Up in the Air,Jason Reitman,Academy Award,False,2009
404,Directing,,Black Swan,Darren Aronofsky,Academy Award,False,2010
405,Directing,,The Fighter,David O. Russell,Academy Award,False,2010
406,Directing,,The King's Speech,Tom Hooper,Academy Award,True,2010
407,Directing,,The Social Network,David Fincher,Academy Award,False,2010
408,Directing,,True Grit,Joel Coen and Ethan Coen,Academy Award,False,2010
409,Directing,,The Artist,Michel Hazanavicius,Academy Award,True,2011
410,Directing,,The Descendants,Alexander Payne,Academy Award,False,2011
411,Directing,,Hugo,Martin Scorsese,Academy Award,False,2011
412,Directing,,Midnight in Paris,Woody Allen,Academy Award,False,2011
413,Directing,,The Tree of Life,Terrence Malick,Academy Award,False,2011
414,Directing,,Amour,Michael Haneke,Academy Award,False,2012
415,Directing,,Beasts of the Southern Wild,Benh Zeitlin,Academy Award,False,2012
416,Directing,,Life of Pi,Ang Lee,Academy Award,True,2012
417,Directing,,Lincoln,Steven Spielberg,Academy Award,False,2012
418,Directing,,Silver Linings Playbook,David O. Russell,Academy Award,False,2012
419,Directing,,American Hustle,David O. Russell,Academy Award,False,2013
420,Directing,,Gravity,Alfonso Cuarón,Academy Award,True,2013
421,Directing,,Nebraska,Alexander Payne,Academy Award,False,2013
422,Directing,,12 Years a Slave,Steve McQueen,Academy Award,False,2013
423,Directing,,The Wolf of Wall Street,Martin Scorsese,Academy Award,False,2013
424,Directing,,Birdman or (The Unexpected Virtue of Ignorance),Alejandro González Iñárritu,Academy Award,True,2014
425,Directing,,Boyhood,Richard Linklater,Academy Award,False,2014
426,Directing,,Foxcatcher,Bennett Miller,Academy Award,False,2014
427,Directing,,The Grand Budapest Hotel,Wes Anderson,Academy Award,False,2014
428,Directing,,The Imitation Game,Morten Tyldum,Academy Award,False,2014
429,Directing,,The Big Short,Adam McKay,Academy Award,False,2015
430,Directing,,Mad Max: Fury Road,George Miller,Academy Award,False,2015
431,Directing,,The Revenant,Alejandro González Iñárritu,Academy Award,True,2015
432,Directing,,Room,Lenny Abrahamson,Academy Award,False,2015
433,Directing,,Spotlight,Tom McCarthy,Academy Award,False,2015
434,Directing,,La La Land,	Damien Chazelle,Academy Award,True,2016
435,Directing,,Hacksaw Ridge,Mel Gibson	,Academy Award,False,2016
436,Directing,,Moonlight,Barry Jenkins	,Academy Award,False,2016
437,Directing,,Manchester by the Sea,Kenneth Lonergan	,Academy Award,False,2016
438,Directing,,Arrival,Denis Villeneuve	,Academy Award,False,2016
439,Directing,,The Shape of Water,Guillermo del Toro	,Academy Award,True,2017
440,Directing,,Phantom Thread,Paul Thomas Anderson	,Academy Award,False,2017
441,Directing,,Lady Bird,Greta Gerwig	,Academy Award,False,2017
442,Directing,,Dunkirk,Christopher Nolan	,Academy Award,False,2017
443,Directing,,Get Out,Jordan Peele	,Academy Award,False,2017
444,Directing,,Roma,Alfonso Cuarón	,Academy Award,True,2018
445,Directing,,The Favourite,Yorgos Lanthimos	,Academy Award,False,2018
446,Directing,,BlacKkKlansman,Spike Lee	,Academy Award,False,2018
447,Directing,,Vice,Adam McKay	,Academy Award,False,2018
448,Directing,,Cold War,Paweł Pawlikowski	,Academy Award,False,2018
449,Directing,,Parasite,Bong Joon-ho	,Academy Award,True,2019
450,Directing,,1917,Sam Mendes	,Academy Award,False,2019
451,Directing,,Joker,Todd Phillips	,Academy Award,False,2019
452,Directing,,The Irishman,Martin Scorsese	,Academy Award,False,2019
453,Directing,,Once Upon a Time in Hollywood,Quentin Tarantino	,Academy Award,False,2019
0,,Best Director - Motion Picture,The Song Of Bernadette,Henry King,Golden Globe,True,1943
1,,Best Director - Motion Picture,Going My Way,Leo McCarey,Golden Globe,True,1944
2,,Best Director - Motion Picture,The Lost Weekend,Billy Wilder,Golden Globe,True,1945
3,,Best Director - Motion Picture,It's A Wonderful Life,Frank Capra,Golden Globe,True,1946
4,,Best Director - Motion Picture,Gentleman's Agreement,Elia Kazan,Golden Globe,True,1947
5,,Best Director - Motion Picture,The Treasure of the Sierra Madre,John Huston,Golden Globe,True,1948
6,,Best Director - Motion Picture,All The King's Men,Robert Rossen,Golden Globe,True,1949
7,,Best Director - Motion Picture,The Heiress,William Wyler,Golden Globe,False,1949
8,,Best Director - Motion Picture,Sunset Boulevard,Billy Wilder,Golden Globe,True,1950
9,,Best Director - Motion Picture,Born Yesterday,George Cukor,Golden Globe,False,1950
10,,Best Director - Motion Picture,The Asphalt Jungle,John Huston,Golden Globe,False,1950
11,,Best Director - Motion Picture,All About Eve,Joseph L. Mankiewicz,Golden Globe,False,1950
12,,Best Director - Motion Picture,Death of a Salesman (1951),Laslo Benedek,Golden Globe,True,1951
13,,Best Director - Motion Picture,An American In Paris,Vincente Minnelli,Golden Globe,False,1951
14,,Best Director - Motion Picture,A Place In The Sun,George Stevens,Golden Globe,False,1951
15,,Best Director - Motion Picture,The Greatest Show On Earth,Cecil B. deMille,Golden Globe,True,1952
16,,Best Director - Motion Picture,The Happy Time,Richard Fleischer,Golden Globe,False,1952
17,,Best Director - Motion Picture,The Quiet Man,John Ford,Golden Globe,False,1952
18,,Best Director - Motion Picture,From Here to Eternity,Fred Zinnemann,Golden Globe,True,1953
19,,Best Director - Motion Picture,On the Waterfront,Elia Kazan,Golden Globe,True,1954
20,,Best Director - Motion Picture,Picnic,Joshua Logan,Golden Globe,True,1955
21,,Best Director - Motion Picture,Baby Doll,Elia Kazan,Golden Globe,True,1956
22,,Best Director - Motion Picture,Around the World in 80 Days,Michael Anderson,Golden Globe,False,1956
23,,Best Director - Motion Picture,Lust For Life,Vincente Minnelli,Golden Globe,False,1956
24,,Best Director - Motion Picture,Giant,George Stevens,Golden Globe,False,1956
25,,Best Director - Motion Picture,War and Peace,King Vidor,Golden Globe,False,1956
26,,Best Director - Motion Picture,"Bridge on the River Kwai, The",David Lean,Golden Globe,True,1957
27,,Best Director - Motion Picture,Sayonara,Joshua Logan,Golden Globe,False,1957
28,,Best Director - Motion Picture,12 Angry Men (1957),Sidney Lumet,Golden Globe,False,1957
29,,Best Director - Motion Picture,Witness for the Prosecution,Billy Wilder,Golden Globe,False,1957
30,,Best Director - Motion Picture,"Hatful of Rain, A",Fred Zinnemann,Golden Globe,False,1957
31,,Best Director - Motion Picture,Gigi,Vincente Minnelli,Golden Globe,True,1958
32,,Best Director - Motion Picture,Cat on a Hot Tin Roof,Richard Brooks,Golden Globe,False,1958
33,,Best Director - Motion Picture,"Defiant Ones, The",Stanley Kramer,Golden Globe,False,1958
34,,Best Director - Motion Picture,Separate Tables,Delbert Mann,Golden Globe,False,1958
35,,Best Director - Motion Picture,I Want To Live!,Robert Wise,Golden Globe,False,1958
36,,Best Director - Motion Picture,Ben-Hur,William Wyler,Golden Globe,True,1959
37,,Best Director - Motion Picture,On The Beach,Stanley Kramer,Golden Globe,False,1959
38,,Best Director - Motion Picture,Anatomy of a Murder,Otto Preminger,Golden Globe,False,1959
39,,Best Director - Motion Picture,"Diary of Anne Frank, The",George Stevens,Golden Globe,False,1959
40,,Best Director - Motion Picture,"Nun's Story, The",Fred Zinnemann,Golden Globe,False,1959
41,,Best Director - Motion Picture,Sons and Lovers,Jack Cardiff,Golden Globe,True,1960
42,,Best Director - Motion Picture,Elmer Gantry,Richard Brooks,Golden Globe,False,1960
43,,Best Director - Motion Picture,Spartacus,Stanley Kubrick,Golden Globe,False,1960
44,,Best Director - Motion Picture,"Apartment, The",Billy Wilder,Golden Globe,False,1960
45,,Best Director - Motion Picture,"Sundowners, The",Fred Zinnemann,Golden Globe,False,1960
46,,Best Director - Motion Picture,Judgment at Nuremberg,Stanley Kramer,Golden Globe,True,1961
47,,Best Director - Motion Picture,The Guns Of Navarone,J. Lee Thompson,Golden Globe,False,1961
48,,Best Director - Motion Picture,El Cid,Anthony Mann,Golden Globe,False,1961
49,,Best Director - Motion Picture,West Side Story,Robert Wise,Golden Globe,False,1961
50,,Best Director - Motion Picture,"Children's Hour, The",William Wyler,Golden Globe,False,1961
51,,Best Director - Motion Picture,Lawrence Of Arabia,David Lean,Golden Globe,True,1962
52,,Best Director - Motion Picture,Days of Wine and Roses,Blake Edwards,Golden Globe,False,1962
53,,Best Director - Motion Picture,"Manchurian Candidate, The",John Frankenheimer,Golden Globe,False,1962
54,,Best Director - Motion Picture,Freud,John Huston,Golden Globe,False,1962
55,,Best Director - Motion Picture,Lolita,Stanley Kubrick,Golden Globe,False,1962
56,,Best Director - Motion Picture,Gypsy,Mervyn LeRoy,Golden Globe,False,1962
57,,Best Director - Motion Picture,To Kill A Mockingbird,Robert Mulligan,Golden Globe,False,1962
58,,Best Director - Motion Picture,Hemingway's Adventures of a Young Man,Martin Ritt,Golden Globe,False,1962
59,,Best Director - Motion Picture,"Chapman Report, The",George Cukor,Golden Globe,False,1962
60,,Best Director - Motion Picture,Meredith Willson's The Music Man,Morton DaCosta,Golden Globe,False,1962
61,,Television Producer/Director,"Twilight Zone, The",Rod Serling,Golden Globe,True,1962
62,,Best Director - Motion Picture,"America, America",Elia Kazan,Golden Globe,True,1963
63,,Best Director - Motion Picture,"Caretakers, The",Hall Bartlett,Golden Globe,False,1963
64,,Best Director - Motion Picture,"Ugly American, The",George Englund,Golden Globe,False,1963
65,,Best Director - Motion Picture,Cleopatra,Joseph L. Mankiewicz,Golden Globe,False,1963
66,,Best Director - Motion Picture,"Cardinal, The",Otto Preminger,Golden Globe,False,1963
67,,Best Director - Motion Picture,Tom Jones,Tony Richardson,Golden Globe,False,1963
68,,Best Director - Motion Picture,Hud,Martin Ritt,Golden Globe,False,1963
69,,Best Director - Motion Picture,"Haunting, The",Robert Wise,Golden Globe,False,1963
70,,Best Director - Motion Picture,My Fair Lady,George Cukor,Golden Globe,True,1964
71,,Best Director - Motion Picture,Zorba The Greek,Michael Cacoyannis,Golden Globe,False,1964
72,,Best Director - Motion Picture,Seven Days In May,John Frankenheimer,Golden Globe,False,1964
73,,Best Director - Motion Picture,Becket,Peter Glenville,Golden Globe,False,1964
74,,Best Director - Motion Picture,"Night of the Iguana, The",John Huston,Golden Globe,False,1964
75,,Best Director - Motion Picture,Doctor Zhivago,David Lean,Golden Globe,True,1965
76,,Best Director - Motion Picture,"Patch of Blue, A",Guy Green,Golden Globe,False,1965
77,,Best Director - Motion Picture,Darling,John Schlesinger,Golden Globe,False,1965
78,,Best Director - Motion Picture,"Sound of Music, The",Robert Wise,Golden Globe,False,1965
79,,Best Director - Motion Picture,"Collector, The",William Wyler,Golden Globe,False,1965
80,,Best Director - Motion Picture,"Man for All Seasons, A",Fred Zinnemann,Golden Globe,True,1966
81,,Best Director - Motion Picture,Alfie (1966),Lewis Gilbert,Golden Globe,False,1966
82,,Best Director - Motion Picture,A Man And A Woman,Claude Lelouch,Golden Globe,False,1966
83,,Best Director - Motion Picture,Who's Afraid of Virginia Woolf?,Mike Nichols,Golden Globe,False,1966
84,,Best Director - Motion Picture,The Sand Pebbles,Robert Wise,Golden Globe,False,1966
85,,Best Director - Motion Picture,"Graduate, The",Mike Nichols,Golden Globe,True,1967
86,,Best Director - Motion Picture,In the Heat of the Night,Norman Jewison,Golden Globe,False,1967
87,,Best Director - Motion Picture,Guess Who's Coming To Dinner,Stanley Kramer,Golden Globe,False,1967
88,,Best Director - Motion Picture,Bonnie and Clyde,Arthur Penn,Golden Globe,False,1967
89,,Best Director - Motion Picture,The Fox,Mark Rydell,Golden Globe,False,1967
90,,Best Director - Motion Picture,"Rachel, Rachel",Paul Newman,Golden Globe,True,1968
91,,Best Director - Motion Picture,Romeo and Juliet,Franco Zeffirelli,Golden Globe,False,1968
92,,Best Director - Motion Picture,The Lion in Winter,Anthony Harvey,Golden Globe,False,1968
93,,Best Director - Motion Picture,Oliver!,Carol Reed,Golden Globe,False,1968
94,,Best Director - Motion Picture,Funny Girl,William Wyler,Golden Globe,False,1968
95,,Best Director - Motion Picture,Anne of the Thousand Days,Charles Jarrott,Golden Globe,True,1969
96,,Best Director - Motion Picture,"Hello, Dolly!",Gene Kelly,Golden Globe,False,1969
97,,Best Director - Motion Picture,"Secret of Santa Vittoria, The",Stanley Kramer,Golden Globe,False,1969
98,,Best Director - Motion Picture,"They Shoot Horses, Don't They?",Sydney Pollack,Golden Globe,False,1969
99,,Best Director - Motion Picture,Midnight Cowboy,John Schlesinger,Golden Globe,False,1969
100,,Best Director - Motion Picture,Love Story,Arthur Hiller,Golden Globe,True,1970
101,,Best Director - Motion Picture,M*A*S*H,Robert Altman,Golden Globe,False,1970
102,,Best Director - Motion Picture,Five Easy Pieces,Bob Rafelson,Golden Globe,False,1970
103,,Best Director - Motion Picture,Women In Love,Ken Russell,Golden Globe,False,1970
104,,Best Director - Motion Picture,Patton,Franklin J. Schaffner,Golden Globe,False,1970
105,,Best Director - Motion Picture,"French Connection, The",William Friedkin,Golden Globe,True,1971
106,,Best Director - Motion Picture,"Last Picture Show, The",Peter Bogdanovich,Golden Globe,False,1971
107,,Best Director - Motion Picture,Fiddler on the Roof,Norman Jewison,Golden Globe,False,1971
108,,Best Director - Motion Picture,"Clockwork Orange, A",Stanley Kubrick,Golden Globe,False,1971
109,,Best Director - Motion Picture,Summer of '42,Robert Mulligan,Golden Globe,False,1971
110,,Best Director - Motion Picture,"Godfather, The",Francis Ford Coppola,Golden Globe,True,1972
111,,Best Director - Motion Picture,Deliverance,John Boorman,Golden Globe,False,1972
112,,Best Director - Motion Picture,Cabaret,Bob Fosse,Golden Globe,False,1972
113,,Best Director - Motion Picture,Frenzy,Alfred Hitchcock,Golden Globe,False,1972
114,,Best Director - Motion Picture,Avanti!,Billy Wilder,Golden Globe,False,1972
115,,Best Director - Motion Picture,"Exorcist, The",William Friedkin,Golden Globe,True,1973
116,,Best Director - Motion Picture,Last Tango in Paris,Bernardo Bertolucci,Golden Globe,False,1973
117,,Best Director - Motion Picture,Paper Moon,Peter Bogdanovich,Golden Globe,False,1973
118,,Best Director - Motion Picture,American Graffiti,George Lucas,Golden Globe,False,1973
119,,Best Director - Motion Picture,"Day of the Jackal, The",Fred Zinnemann,Golden Globe,False,1973
120,,Best Director - Motion Picture,Chinatown,Roman Polanski,Golden Globe,True,1974
121,,Best Director - Motion Picture,"Woman Under The Influence, A",John Cassavetes,Golden Globe,False,1974
122,,Best Director - Motion Picture,"Conversation, The",Francis Ford Coppola,Golden Globe,False,1974
123,,Best Director - Motion Picture,"Godfather Part II, The",Francis Ford Coppola,Golden Globe,False,1974
124,,Best Director - Motion Picture,Lenny,Bob Fosse,Golden Globe,False,1974
125,,Best Director - Motion Picture,One Flew Over The Cuckoo's Nest,Milos Forman,Golden Globe,True,1975
126,,Best Director - Motion Picture,Nashville,Robert Altman,Golden Globe,False,1975
127,,Best Director - Motion Picture,Barry Lyndon,Stanley Kubrick,Golden Globe,False,1975
128,,Best Director - Motion Picture,Dog Day Afternoon,Sidney Lumet,Golden Globe,False,1975
129,,Best Director - Motion Picture,Jaws,Steven Spielberg,Golden Globe,False,1975
130,,Best Director - Motion Picture,Network,Sidney Lumet,Golden Globe,True,1976
131,,Best Director - Motion Picture,Bound for Glory,Hal Ashby,Golden Globe,False,1976
132,,Best Director - Motion Picture,Rocky,John G. Avildsen,Golden Globe,False,1976
133,,Best Director - Motion Picture,All The President's Men,Alan J. Pakula,Golden Globe,False,1976
134,,Best Director - Motion Picture,Marathon Man,John Schlesinger,Golden Globe,False,1976
135,,Best Director - Motion Picture,"Turning Point, The",Herbert Ross,Golden Globe,True,1977
136,,Best Director - Motion Picture,Annie Hall,Woody Allen,Golden Globe,False,1977
137,,Best Director - Motion Picture,Star Wars: Episode IV - A New Hope,George Lucas,Golden Globe,False,1977
138,,Best Director - Motion Picture,Close Encounters of the Third Kind,Steven Spielberg,Golden Globe,False,1977
139,,Best Director - Motion Picture,Julia,Fred Zinnemann,Golden Globe,False,1977
140,,Best Director - Motion Picture,"Deer Hunter, The",Michael Cimino,Golden Globe,True,1978
141,,Best Director - Motion Picture,Interiors,Woody Allen,Golden Globe,False,1978
142,,Best Director - Motion Picture,Coming Home,Hal Ashby,Golden Globe,False,1978
143,,Best Director - Motion Picture,Days of Heaven,Terrence Malick,Golden Globe,False,1978
144,,Best Director - Motion Picture,"Unmarried Woman, An",Paul Mazursky,Golden Globe,False,1978
145,,Best Director - Motion Picture,Midnight Express,Alan Parker,Golden Globe,False,1978
146,,Best Director - Motion Picture,Apocalypse Now,Francis Ford Coppola,Golden Globe,True,1979
147,,Best Director - Motion Picture,Being There,Hal Ashby,Golden Globe,False,1979
148,,Best Director - Motion Picture,Kramer vs. Kramer,Robert Benton,Golden Globe,False,1979
149,,Best Director - Motion Picture,"China Syndrome, The",James Bridges,Golden Globe,False,1979
150,,Best Director - Motion Picture,Breaking Away,Peter Yates,Golden Globe,False,1979
151,,Best Director - Motion Picture,Ordinary People,Robert Redford,Golden Globe,True,1980
152,,Best Director - Motion Picture,Raging Bull,Martin Scorsese,Golden Globe,False,1980
153,,Best Director - Motion Picture,"Elephant Man, The",David Lynch,Golden Globe,False,1980
154,,Best Director - Motion Picture,Tess,Roman Polanski,Golden Globe,False,1980
155,,Best Director - Motion Picture,"Stunt Man, The",Richard Rush,Golden Globe,False,1980
156,,Best Director - Motion Picture,Reds,Warren Beatty,Golden Globe,True,1981
157,,Best Director - Motion Picture,On Golden Pond,Mark Rydell,Golden Globe,False,1981
158,,Best Director - Motion Picture,Raiders of the Lost Ark,Steven Spielberg,Golden Globe,False,1981
159,,Best Director - Motion Picture,Ragtime,Milos Forman,Golden Globe,False,1981
160,,Best Director - Motion Picture,Prince of the City,Sidney Lumet,Golden Globe,False,1981
161,,Best Director - Motion Picture,Atlantic City,Louis Malle,Golden Globe,False,1981
162,,Best Director - Motion Picture,Gandhi,Richard Attenborough,Golden Globe,True,1982
163,,Best Director - Motion Picture,E. T. The Extra-Terrestrial,Steven Spielberg,Golden Globe,False,1982
164,,Best Director - Motion Picture,Missing,Constantin Costa-Gavras,Golden Globe,False,1982
165,,Best Director - Motion Picture,"Verdict, The",Sidney Lumet,Golden Globe,False,1982
166,,Best Director - Motion Picture,Tootsie,Sydney Pollack,Golden Globe,False,1982
167,,Best Director - Motion Picture,Yentl,Barbra Streisand,Golden Globe,True,1983
168,,Best Director - Motion Picture,Tender Mercies,Bruce Beresford,Golden Globe,False,1983
169,,Best Director - Motion Picture,Fanny & Alexander,Ingmar Bergman,Golden Globe,False,1983
170,,Best Director - Motion Picture,Terms of Endearment,James L. Brooks,Golden Globe,False,1983
171,,Best Director - Motion Picture,Silkwood,Mike Nichols,Golden Globe,False,1983
172,,Best Director - Motion Picture,The Dresser,Peter Yates,Golden Globe,False,1983
173,,Best Director - Motion Picture,Amadeus,Milos Forman,Golden Globe,True,1984
174,,Best Director - Motion Picture,"Cotton Club, The",Francis Ford Coppola,Golden Globe,False,1984
175,,Best Director - Motion Picture,"Killing Fields, The",Roland Joffé,Golden Globe,False,1984
176,,Best Director - Motion Picture,"Passage to India, A",David Lean,Golden Globe,False,1984
177,,Best Director - Motion Picture,Once Upon a Time in America,Sergio Leone,Golden Globe,False,1984
178,,Best Director - Motion Picture,Prizzi's Honor,John Huston,Golden Globe,True,1985
179,,Best Director - Motion Picture,"Chorus Line: The Movie, A",Richard Attenborough,Golden Globe,False,1985
180,,Best Director - Motion Picture,Out of Africa,Sydney Pollack,Golden Globe,False,1985
181,,Best Director - Motion Picture,"Color Purple, The",Steven Spielberg,Golden Globe,False,1985
182,,Best Director - Motion Picture,Witness,Peter Weir,Golden Globe,False,1985
183,,Best Director - Motion Picture,Platoon,Oliver Stone,Golden Globe,True,1986
184,,Best Director - Motion Picture,Stand By Me,Rob Reiner,Golden Globe,False,1986
185,,Best Director - Motion Picture,Hannah and Her Sisters,Woody Allen,Golden Globe,False,1986
186,,Best Director - Motion Picture,"Room with a View, A",James Ivory,Golden Globe,False,1986
187,,Best Director - Motion Picture,"Mission, The",Roland Joffé,Golden Globe,False,1986
188,,Best Director - Motion Picture,"Last Emperor, The",Bernardo Bertolucci,Golden Globe,True,1987
189,,Best Director - Motion Picture,Fatal Attraction,Adrian Lyne,Golden Globe,False,1987
190,,Best Director - Motion Picture,Cry Freedom,Richard Attenborough,Golden Globe,False,1987
191,,Best Director - Motion Picture,Hope and Glory,John Boorman,Golden Globe,False,1987
192,,Best Director - Motion Picture,Broadcast News,James L. Brooks,Golden Globe,False,1987
193,,Best Director - Motion Picture,Bird,Clint Eastwood,Golden Globe,True,1988
194,,Best Director - Motion Picture,Rain Man,Barry Levinson,Golden Globe,False,1988
195,,Best Director - Motion Picture,Running on Empty,Sidney Lumet,Golden Globe,False,1988
196,,Best Director - Motion Picture,Working Girl,Mike Nichols,Golden Globe,False,1988
197,,Best Director - Motion Picture,Mississippi Burning,Alan Parker,Golden Globe,False,1988
198,,Best Director - Motion Picture,"Cry in the Dark, A",Fred Schepisi,Golden Globe,False,1988
199,,Best Director - Motion Picture,Born on the Fourth of July,Oliver Stone,Golden Globe,True,1989
200,,Best Director - Motion Picture,Do The Right Thing,Spike Lee,Golden Globe,False,1989
201,,Best Director - Motion Picture,When Harry Met Sally,Rob Reiner,Golden Globe,False,1989
202,,Best Director - Motion Picture,Dead Poets Society,Peter Weir,Golden Globe,False,1989
203,,Best Director - Motion Picture,Glory,Edward Zwick,Golden Globe,False,1989
204,,Best Director - Motion Picture,Dances with Wolves,Kevin Costner,Golden Globe,True,1990
205,,Best Director - Motion Picture,"Sheltering Sky, The",Bernardo Bertolucci,Golden Globe,False,1990
206,,Best Director - Motion Picture,"Godfather Part III, The",Francis Ford Coppola,Golden Globe,False,1990
207,,Best Director - Motion Picture,Reversal of Fortune,Barbet Schroeder,Golden Globe,False,1990
208,,Best Director - Motion Picture,GoodFellas,Martin Scorsese,Golden Globe,False,1990
209,,Best Director - Motion Picture,JFK,Oliver Stone,Golden Globe,True,1991
210,,Best Director - Motion Picture,"Silence of the Lambs, The",Jonathan Demme,Golden Globe,False,1991
211,,Best Director - Motion Picture,"Fisher King, The",Terry Gilliam,Golden Globe,False,1991
212,,Best Director - Motion Picture,Bugsy,Barry Levinson,Golden Globe,False,1991
213,,Best Director - Motion Picture,"Prince of Tides, The",Barbra Streisand,Golden Globe,False,1991
214,,Best Director - Motion Picture,Unforgiven,Clint Eastwood,Golden Globe,True,1992
215,,Best Director - Motion Picture,"Player, The",Robert Altman,Golden Globe,False,1992
216,,Best Director - Motion Picture,Howards End,James Ivory,Golden Globe,False,1992
217,,Best Director - Motion Picture,"River Runs Through It, A",Robert Redford,Golden Globe,False,1992
218,,Best Director - Motion Picture,"Few Good Men, A",Rob Reiner,Golden Globe,False,1992
219,,Best Director - Motion Picture,Schindler's List,Steven Spielberg,Golden Globe,True,1993
220,,Best Director - Motion Picture,The Piano,Jane Campion,Golden Globe,False,1993
221,,Best Director - Motion Picture,"Fugitive, The",Andrew Davis,Golden Globe,False,1993
222,,Best Director - Motion Picture," Remains of the Day, The",James Ivory,Golden Globe,False,1993
223,,Best Director - Motion Picture,"Age of Innocence, The",Martin Scorsese,Golden Globe,False,1993
224,,Best Director - Motion Picture,Forrest Gump,Robert Zemeckis,Golden Globe,True,1994
225,,Best Director - Motion Picture,Legends of the Fall,Edward Zwick,Golden Globe,False,1994
226,,Best Director - Motion Picture,Quiz Show,Robert Redford,Golden Globe,False,1994
227,,Best Director - Motion Picture,Natural Born Killers,Oliver Stone,Golden Globe,False,1994
228,,Best Director - Motion Picture,Pulp Fiction,Quentin Tarantino,Golden Globe,False,1994
229,,Best Director - Motion Picture,Braveheart,Mel Gibson,Golden Globe,True,1995
230,,Best Director - Motion Picture,Leaving Las Vegas,Mike Figgis,Golden Globe,False,1995
231,,Best Director - Motion Picture,Apollo 13,Ron Howard,Golden Globe,False,1995
232,,Best Director - Motion Picture,Sense and Sensibility,Ang Lee,Golden Globe,False,1995
233,,Best Director - Motion Picture,"American President, The",Rob Reiner,Golden Globe,False,1995
234,,Best Director - Motion Picture,Casino,Martin Scorsese,Golden Globe,False,1995
235,,Best Director - Motion Picture,"People vs. Larry Flynt, The",Milos Forman,Golden Globe,True,1996
236,,Best Director - Motion Picture,Fargo,Joel Coen,Golden Globe,False,1996
237,,Best Director - Motion Picture,Shine,Scott Hicks,Golden Globe,False,1996
238,,Best Director - Motion Picture,The English Patient,Anthony Minghella,Golden Globe,False,1996
239,,Best Director - Motion Picture,Evita,Alan Parker,Golden Globe,False,1996
240,,Best Director - Motion Picture,Titanic,James Cameron,Golden Globe,True,1997
241,,Best Director - Motion Picture,Amistad,Steven Spielberg,Golden Globe,False,1997
242,,Best Director - Motion Picture,As Good as It Gets,James L. Brooks,Golden Globe,False,1997
243,,Best Director - Motion Picture,L.A. Confidential,Curtis Hanson,Golden Globe,False,1997
244,,Best Director - Motion Picture,"Boxer, The",Jim Sheridan,Golden Globe,False,1997
245,,Best Director - Motion Picture,Saving Private Ryan,Steven Spielberg,Golden Globe,True,1998
246,,Best Director - Motion Picture,Elizabeth,Shekhar Kapur,Golden Globe,False,1998
247,,Best Director - Motion Picture,Shakespeare in Love,John Madden,Golden Globe,False,1998
248,,Best Director - Motion Picture,"Horse Whisperer, The",Robert Redford,Golden Globe,False,1998
249,,Best Director - Motion Picture,The Truman Show,Peter Weir,Golden Globe,False,1998
250,,Best Director - Motion Picture,American Beauty,Sam Mendes,Golden Globe,True,1999
251,,Best Director - Motion Picture,"Hurricane, The",Norman Jewison,Golden Globe,False,1999
252,,Best Director - Motion Picture,The End of the Affair,Neil Jordan,Golden Globe,False,1999
253,,Best Director - Motion Picture,The Insider,Michael Mann,Golden Globe,False,1999
254,,Best Director - Motion Picture,The Talented Mr. Ripley,Anthony Minghella,Golden Globe,False,1999
255,,Best Director - Motion Picture,"Crouching Tiger, Hidden Dragon",Ang Lee,Golden Globe,True,2000
256,,Best Director - Motion Picture,Gladiator,Ridley Scott,Golden Globe,False,2000
257,,Best Director - Motion Picture,Erin Brockovich,Steven Soderbergh,Golden Globe,False,2000
258,,Best Director - Motion Picture,Traffic,Steven Soderbergh,Golden Globe,False,2000
259,,Best Director - Motion Picture,Sunshine,István Szabó,Golden Globe,False,2000
260,,Best Director - Motion Picture,Gosford Park,Robert Altman,Golden Globe,True,2001
261,,Best Director - Motion Picture,A Beautiful Mind,Ron Howard,Golden Globe,False,2001
262,,Best Director - Motion Picture,The Lord of the Rings: The Fellowship of the Ring,Peter Jackson,Golden Globe,False,2001
263,,Best Director - Motion Picture,Moulin Rouge!,Baz Luhrmann,Golden Globe,False,2001
264,,Best Director - Motion Picture,Mulholland Dr.,David Lynch,Golden Globe,False,2001
265,,Best Director - Motion Picture,A. I.: Artificial Intelligence,Steven Spielberg,Golden Globe,False,2001
266,,Best Director - Motion Picture,Gangs of New York,Martin Scorsese,Golden Globe,True,2002
267,,Best Director - Motion Picture,The Hours,Stephen Daldry,Golden Globe,False,2002
268,,Best Director - Motion Picture,"Lord of the Rings: The Two Towers, The",Peter Jackson,Golden Globe,False,2002
269,,Best Director - Motion Picture,Adaptation,Spike Jonze,Golden Globe,False,2002
270,,Best Director - Motion Picture,Chicago,Rob Marshall,Golden Globe,False,2002
271,,Best Director - Motion Picture,About Schmidt,Alexander Payne,Golden Globe,False,2002
272,,Best Director - Motion Picture,The Lord of the Rings: The Return of the King,Peter Jackson,Golden Globe,True,2003
273,,Best Director - Motion Picture,Lost in Translation,Sofia Coppola,Golden Globe,False,2003
274,,Best Director - Motion Picture,Mystic River,Clint Eastwood,Golden Globe,False,2003
275,,Best Director - Motion Picture,Cold Mountain,Anthony Minghella,Golden Globe,False,2003
276,,Best Director - Motion Picture,Master and Commander: The Far Side of the World,Peter Weir,Golden Globe,False,2003
277,,Best Director - Motion Picture,Million Dollar Baby,Clint Eastwood,Golden Globe,True,2004
278,,Best Director - Motion Picture,Finding Neverland,Marc Forster,Golden Globe,False,2004
279,,Best Director - Motion Picture,Closer,Mike Nichols,Golden Globe,False,2004
280,,Best Director - Motion Picture,The Aviator,Martin Scorsese,Golden Globe,False,2004
281,,Best Director - Motion Picture,Sideways,Alexander Payne,Golden Globe,False,2004
282,,Best Director - Motion Picture,Brokeback Mountain,Ang Lee,Golden Globe,True,2005
283,,Best Director - Motion Picture,Match Point,Woody Allen,Golden Globe,False,2005
284,,Best Director - Motion Picture,"Good Night, and Good Luck",George Clooney,Golden Globe,False,2005
285,,Best Director - Motion Picture,"Constant Gardener, The",Fernando Meirelles,Golden Globe,False,2005
286,,Best Director - Motion Picture,Munich,Steven Spielberg,Golden Globe,False,2005
287,,Best Director - Motion Picture,King Kong (2005),Peter Jackson,Golden Globe,False,2005
288,,Best Director - Motion Picture,"Departed, The",Martin Scorsese,Golden Globe,True,2006
289,,Best Director - Motion Picture,Flags of Our Fathers,Clint Eastwood,Golden Globe,False,2006
290,,Best Director - Motion Picture,Letters from Iwo Jima,Clint Eastwood,Golden Globe,False,2006
291,,Best Director - Motion Picture,"Queen, The",Stephen Frears,Golden Globe,False,2006
292,,Best Director - Motion Picture,Babel,Alejandro González Iñárritu,Golden Globe,False,2006
293,,Best Director - Motion Picture,The Diving Bell and the Butterfly,Julian Schnabel,Golden Globe,True,2007
294,,Best Director - Motion Picture,American Gangster,Ridley Scott,Golden Globe,False,2007
295,,Best Director - Motion Picture,Atonement,Joe Wright,Golden Globe,False,2007
296,,Best Director - Motion Picture,Sweeney Todd: The Demon Barber of Fleet Street,Tim Burton,Golden Globe,False,2007
297,,Best Director - Motion Picture,No Country for Old Men,"Ethan Coen, Joel Coen",Golden Globe,False,2007
298,,Best Director - Motion Picture,Slumdog Millionaire,Danny Boyle,Golden Globe,True,2008
299,,Best Director - Motion Picture,"Reader, The",Stephen Daldry,Golden Globe,False,2008
300,,Best Director - Motion Picture,The Curious Case of Benjamin Button,David Fincher,Golden Globe,False,2008
301,,Best Director - Motion Picture,Frost/Nixon,Ron Howard,Golden Globe,False,2008
302,,Best Director - Motion Picture,Revolutionary Road,Sam Mendes,Golden Globe,False,2008
303,,Best Director - Motion Picture,Avatar,James Cameron,Golden Globe,True,2009
304,,Best Director - Motion Picture,"Hurt Locker, The",Kathryn Bigelow,Golden Globe,False,2009
305,,Best Director - Motion Picture,Up In The Air,Jason Reitman,Golden Globe,False,2009
306,,Best Director - Motion Picture,Inglourious Basterds,Quentin Tarantino,Golden Globe,False,2009
307,,Best Director - Motion Picture,Invictus,Clint Eastwood,Golden Globe,False,2009
308,,Best Director - Motion Picture,The Social Network,David Fincher,Golden Globe,True,2010
309,,Best Director - Motion Picture,Black Swan,Darren Aronofsky,Golden Globe,False,2010
310,,Best Director - Motion Picture,The King's Speech,Tom Hooper,Golden Globe,False,2010
311,,Best Director - Motion Picture,Inception,Christopher Nolan,Golden Globe,False,2010
312,,Best Director - Motion Picture,"Fighter, The",David O. Russell,Golden Globe,False,2010
313,,Best Director - Motion Picture,Hugo,Martin Scorsese,Golden Globe,True,2011
314,,Best Director - Motion Picture,"Descendants, The",Alexander Payne,Golden Globe,False,2011
315,,Best Director - Motion Picture,Midnight In Paris,Woody Allen,Golden Globe,False,2011
316,,Best Director - Motion Picture,"Ides of March, The",George Clooney,Golden Globe,False,2011
317,,Best Director - Motion Picture,The Artist,Michel Hazanavicius,Golden Globe,False,2011
318,,Best Director - Motion Picture,Argo,Ben Affleck,Golden Globe,True,2012
319,,Best Director - Motion Picture,Life of Pi,Ang Lee,Golden Globe,False,2012
320,,Best Director - Motion Picture,Lincoln,Steven Spielberg,Golden Globe,False,2012
321,,Best Director - Motion Picture,Zero Dark Thirty 	,Kathryn Bigelow,Golden Globe,False,2012
322,,Best Director - Motion Picture,Django Unchained,Quentin Tarantino,Golden Globe,False,2012
323,,Best Director - Motion Picture,Gravity,Alfonso Cuarón,Golden Globe,True,2013
324,,Best Director - Motion Picture,12 Years a Slave,Steve McQueen,Golden Globe,False,2013
325,,Best Director - Motion Picture,Captain Phillips,Paul Greengrass,Golden Globe,False,2013
326,,Best Director - Motion Picture,American Hustle,David O. Russell,Golden Globe,False,2013
327,,Best Director - Motion Picture,Nebraska,Alexander Payne,Golden Globe,False,2013
328,,Best Director - Motion Picture,Boyhood,Richard Linklater,Golden Globe,True,2014
329,,Best Director - Motion Picture,Birdman,Alejandro González Iñárritu,Golden Globe,False,2014
330,,Best Director - Motion Picture,Gone Girl,David Fincher,Golden Globe,False,2014
331,,Best Director - Motion Picture,"Grand Budapest Hotel, The",Wes Anderson,Golden Globe,False,2014
332,,Best Director - Motion Picture,Selma,Ava DuVernay,Golden Globe,False,2014
333,,Best Director - Motion Picture,The Revenant,Alejandro González Iñárritu,Golden Globe,True,2015
334,,Best Director - Motion Picture,The Martian,Ridley Scott,Golden Globe,False,2015
335,,Best Director - Motion Picture,Carol,Todd Haynes,Golden Globe,False,2015
336,,Best Director - Motion Picture,Mad Max: Fury Road,George Miller,Golden Globe,False,2015
337,,Best Director - Motion Picture,Spotlight,Tom McCarthy,Golden Globe,False,2015
338,,Best Director - Motion Picture,La La Land,Damien Chazelle,Golden Globe,True,2016
339,,Best Director - Motion Picture,Moonlight,Barry Jenkins,Golden Globe,False,2016
340,,Best Director - Motion Picture,Manchester by the Sea,Kenneth Lonergan,Golden Globe,False,2016
341,,Best Director - Motion Picture,Nocturnal Animals,Tom Ford,Golden Globe,False,2016
342,,Best Director - Motion Picture,Hacksaw Ridge,Mel Gibson,Golden Globe,False,2016
343,,Best Director - Motion Picture,The Shape of Water,Guillermo del Toro,Golden Globe,True,2017
344,,Best Director - Motion Picture,All The Money In The World,Ridley Scott,Golden Globe,False,2017
345,,Best Director - Motion Picture,The Post,Steven Spielberg,Golden Globe,False,2017
346,,Best Director - Motion Picture,"Three Billboards Outside Ebbing, Missouri",Martin McDonagh,Golden Globe,False,2017
347,,Best Director - Motion Picture,Dunkirk,Christopher Nolan,Golden Globe,False,2017
348,,Best Director - Motion Picture,Roma,Alfonso Cuarón,Golden Globe,True,2018
349,,Best Director - Motion Picture,"Star Is Born, A (2018)",Bradley Cooper,Golden Globe,False,2018
350,,Best Director - Motion Picture,Green Book,Peter Farrelly,Golden Globe,False,2018
351,,Best Director - Motion Picture,BlacKkKlansman,Spike Lee,Golden Globe,False,2018
352,,Best Director - Motion Picture,Vice,Adam McKay,Golden Globe,False,2018
353,,Best Director - Motion Picture,1917,Sam Mendes,Golden Globe,True,2019
354,,Best Director - Motion Picture,Parasite,Bong Joon Ho,Golden Globe,False,2019
355,,Best Director - Motion Picture,Joker,Todd Phillips,Golden Globe,False,2019
356,,Best Director - Motion Picture,"Irishman, The",Martin Scorsese,Golden Globe,False,2019
357,,Best Director - Motion Picture,Once Upon a Time...in Hollywood,Quentin Tarantino,Golden Globe,False,2019
