Year,Category,Nominee,Film,Winner,Type
1943,Best Director - Motion Picture,Henry King,The Song Of Bernadette,True,Golden Globe
1944,Best Director - Motion Picture,Leo McCarey,Going My Way,True,Golden Globe
1945,Best Director - Motion Picture,Billy Wilder,The Lost Weekend,True,Golden Globe
1946,Best Director - Motion Picture,Frank Capra,It's A Wonderful Life,True,Golden Globe
1947,Best Director - Motion Picture,Elia Kazan,Gentleman's Agreement,True,Golden Globe
1948,Best Director - Motion Picture,John Huston,The Treasure of the Sierra Madre,True,Golden Globe
1949,Best Director - Motion Picture,Robert Rossen,All The King's Men,True,Golden Globe
1949,Best Director - Motion Picture,William Wyler,The Heiress,False,Golden Globe
1950,Best Director - Motion Picture,Billy Wilder,Sunset Boulevard,True,Golden Globe
1950,Best Director - Motion Picture,George Cukor,Born Yesterday,False,Golden Globe
1950,Best Director - Motion Picture,John Huston,The Asphalt Jungle,False,Golden Globe
1950,Best Director - Motion Picture,Joseph L. Mankiewicz,All About Eve,False,Golden Globe
1951,Best Director - Motion Picture,Laslo Benedek,Death of a Salesman (1951),True,Golden Globe
1951,Best Director - Motion Picture,Vincente Minnelli,An American In Paris,False,Golden Globe
1951,Best Director - Motion Picture,George Stevens,A Place In The Sun,False,Golden Globe
1952,Best Director - Motion Picture,Cecil B. deMille,The Greatest Show On Earth,True,Golden Globe
1952,Best Director - Motion Picture,Richard Fleischer,The Happy Time,False,Golden Globe
1952,Best Director - Motion Picture,John Ford,The Quiet Man,False,Golden Globe
1953,Best Director - Motion Picture,Fred Zinnemann,From Here to Eternity,True,Golden Globe
1954,Best Director - Motion Picture,Elia Kazan,On the Waterfront,True,Golden Globe
1955,Best Director - Motion Picture,Joshua Logan,Picnic,True,Golden Globe
1956,Best Director - Motion Picture,Elia Kazan,Baby Doll,True,Golden Globe
1956,Best Director - Motion Picture,Michael Anderson,Around the World in 80 Days,False,Golden Globe
1956,Best Director - Motion Picture,Vincente Minnelli,Lust For Life,False,Golden Globe
1956,Best Director - Motion Picture,George Stevens,Giant,False,Golden Globe
1956,Best Director - Motion Picture,King Vidor,War and Peace,False,Golden Globe
1957,Best Director - Motion Picture,David Lean,"Bridge on the River Kwai, The",True,Golden Globe
1957,Best Director - Motion Picture,Joshua Logan,Sayonara,False,Golden Globe
1957,Best Director - Motion Picture,Sidney Lumet,12 Angry Men (1957),False,Golden Globe
1957,Best Director - Motion Picture,Billy Wilder,Witness for the Prosecution,False,Golden Globe
1957,Best Director - Motion Picture,Fred Zinnemann,"Hatful of Rain, A",False,Golden Globe
1958,Best Director - Motion Picture,Vincente Minnelli,Gigi,True,Golden Globe
1958,Best Director - Motion Picture,Richard Brooks,Cat on a Hot Tin Roof,False,Golden Globe
1958,Best Director - Motion Picture,Stanley Kramer,"Defiant Ones, The",False,Golden Globe
1958,Best Director - Motion Picture,Delbert Mann,Separate Tables,False,Golden Globe
1958,Best Director - Motion Picture,Robert Wise,I Want To Live!,False,Golden Globe
1959,Best Director - Motion Picture,William Wyler,Ben-Hur,True,Golden Globe
1959,Best Director - Motion Picture,Stanley Kramer,On The Beach,False,Golden Globe
1959,Best Director - Motion Picture,Otto Preminger,Anatomy of a Murder,False,Golden Globe
1959,Best Director - Motion Picture,George Stevens,"Diary of Anne Frank, The",False,Golden Globe
1959,Best Director - Motion Picture,Fred Zinnemann,"Nun's Story, The",False,Golden Globe
1960,Best Director - Motion Picture,Jack Cardiff,Sons and Lovers,True,Golden Globe
1960,Best Director - Motion Picture,Richard Brooks,Elmer Gantry,False,Golden Globe
1960,Best Director - Motion Picture,Stanley Kubrick,Spartacus,False,Golden Globe
1960,Best Director - Motion Picture,Billy Wilder,"Apartment, The",False,Golden Globe
1960,Best Director - Motion Picture,Fred Zinnemann,"Sundowners, The",False,Golden Globe
1961,Best Director - Motion Picture,Stanley Kramer,Judgment at Nuremberg,True,Golden Globe
1961,Best Director - Motion Picture,J. Lee Thompson,The Guns Of Navarone,False,Golden Globe
1961,Best Director - Motion Picture,Anthony Mann,El Cid,False,Golden Globe
1961,Best Director - Motion Picture,Robert Wise,West Side Story,False,Golden Globe
1961,Best Director - Motion Picture,William Wyler,"Children's Hour, The",False,Golden Globe
1962,Best Director - Motion Picture,David Lean,Lawrence Of Arabia,True,Golden Globe
1962,Best Director - Motion Picture,Blake Edwards,Days of Wine and Roses,False,Golden Globe
1962,Best Director - Motion Picture,John Frankenheimer,"Manchurian Candidate, The",False,Golden Globe
1962,Best Director - Motion Picture,John Huston,Freud,False,Golden Globe
1962,Best Director - Motion Picture,Stanley Kubrick,Lolita,False,Golden Globe
1962,Best Director - Motion Picture,Mervyn LeRoy,Gypsy,False,Golden Globe
1962,Best Director - Motion Picture,Robert Mulligan,To Kill A Mockingbird,False,Golden Globe
1962,Best Director - Motion Picture,Martin Ritt,Hemingway's Adventures of a Young Man,False,Golden Globe
1962,Best Director - Motion Picture,George Cukor,"Chapman Report, The",False,Golden Globe
1962,Best Director - Motion Picture,Morton DaCosta,Meredith Willson's The Music Man,False,Golden Globe
1962,Television Producer/Director,Rod Serling,"Twilight Zone, The",True,Golden Globe
1963,Best Director - Motion Picture,Elia Kazan,"America, America",True,Golden Globe
1963,Best Director - Motion Picture,Hall Bartlett,"Caretakers, The",False,Golden Globe
1963,Best Director - Motion Picture,George Englund,"Ugly American, The",False,Golden Globe
1963,Best Director - Motion Picture,Joseph L. Mankiewicz,Cleopatra,False,Golden Globe
1963,Best Director - Motion Picture,Otto Preminger,"Cardinal, The",False,Golden Globe
1963,Best Director - Motion Picture,Tony Richardson,Tom Jones,False,Golden Globe
1963,Best Director - Motion Picture,Martin Ritt,Hud,False,Golden Globe
1963,Best Director - Motion Picture,Robert Wise,"Haunting, The",False,Golden Globe
1964,Best Director - Motion Picture,George Cukor,My Fair Lady,True,Golden Globe
1964,Best Director - Motion Picture,Michael Cacoyannis,Zorba The Greek,False,Golden Globe
1964,Best Director - Motion Picture,John Frankenheimer,Seven Days In May,False,Golden Globe
1964,Best Director - Motion Picture,Peter Glenville,Becket,False,Golden Globe
1964,Best Director - Motion Picture,John Huston,"Night of the Iguana, The",False,Golden Globe
1965,Best Director - Motion Picture,David Lean,Doctor Zhivago,True,Golden Globe
1965,Best Director - Motion Picture,Guy Green,"Patch of Blue, A",False,Golden Globe
1965,Best Director - Motion Picture,John Schlesinger,Darling,False,Golden Globe
1965,Best Director - Motion Picture,Robert Wise,"Sound of Music, The",False,Golden Globe
1965,Best Director - Motion Picture,William Wyler,"Collector, The",False,Golden Globe
1966,Best Director - Motion Picture,Fred Zinnemann,"Man for All Seasons, A",True,Golden Globe
1966,Best Director - Motion Picture,Lewis Gilbert,Alfie (1966),False,Golden Globe
1966,Best Director - Motion Picture,Claude Lelouch,A Man And A Woman,False,Golden Globe
1966,Best Director - Motion Picture,Mike Nichols,Who's Afraid of Virginia Woolf?,False,Golden Globe
1966,Best Director - Motion Picture,Robert Wise,The Sand Pebbles,False,Golden Globe
1967,Best Director - Motion Picture,Mike Nichols,"Graduate, The",True,Golden Globe
1967,Best Director - Motion Picture,Norman Jewison,In the Heat of the Night,False,Golden Globe
1967,Best Director - Motion Picture,Stanley Kramer,Guess Who's Coming To Dinner,False,Golden Globe
1967,Best Director - Motion Picture,Arthur Penn,Bonnie and Clyde,False,Golden Globe
1967,Best Director - Motion Picture,Mark Rydell,The Fox,False,Golden Globe
1968,Best Director - Motion Picture,Paul Newman,"Rachel, Rachel",True,Golden Globe
1968,Best Director - Motion Picture,Franco Zeffirelli,Romeo and Juliet,False,Golden Globe
1968,Best Director - Motion Picture,Anthony Harvey,The Lion in Winter,False,Golden Globe
1968,Best Director - Motion Picture,Carol Reed,Oliver!,False,Golden Globe
1968,Best Director - Motion Picture,William Wyler,Funny Girl,False,Golden Globe
1969,Best Director - Motion Picture,Charles Jarrott,Anne of the Thousand Days,True,Golden Globe
1969,Best Director - Motion Picture,Gene Kelly,"Hello, Dolly!",False,Golden Globe
1969,Best Director - Motion Picture,Stanley Kramer,"Secret of Santa Vittoria, The",False,Golden Globe
1969,Best Director - Motion Picture,Sydney Pollack,"They Shoot Horses, Don't They?",False,Golden Globe
1969,Best Director - Motion Picture,John Schlesinger,Midnight Cowboy,False,Golden Globe
1970,Best Director - Motion Picture,Arthur Hiller,Love Story,True,Golden Globe
1970,Best Director - Motion Picture,Robert Altman,M*A*S*H,False,Golden Globe
1970,Best Director - Motion Picture,Bob Rafelson,Five Easy Pieces,False,Golden Globe
1970,Best Director - Motion Picture,Ken Russell,Women In Love,False,Golden Globe
1970,Best Director - Motion Picture,Franklin J. Schaffner,Patton,False,Golden Globe
1971,Best Director - Motion Picture,William Friedkin,"French Connection, The",True,Golden Globe
1971,Best Director - Motion Picture,Peter Bogdanovich,"Last Picture Show, The",False,Golden Globe
1971,Best Director - Motion Picture,Norman Jewison,Fiddler on the Roof,False,Golden Globe
1971,Best Director - Motion Picture,Stanley Kubrick,"Clockwork Orange, A",False,Golden Globe
1971,Best Director - Motion Picture,Robert Mulligan,Summer of '42,False,Golden Globe
1972,Best Director - Motion Picture,Francis Ford Coppola,"Godfather, The",True,Golden Globe
1972,Best Director - Motion Picture,John Boorman,Deliverance,False,Golden Globe
1972,Best Director - Motion Picture,Bob Fosse,Cabaret,False,Golden Globe
1972,Best Director - Motion Picture,Alfred Hitchcock,Frenzy,False,Golden Globe
1972,Best Director - Motion Picture,Billy Wilder,Avanti!,False,Golden Globe
1973,Best Director - Motion Picture,William Friedkin,"Exorcist, The",True,Golden Globe
1973,Best Director - Motion Picture,Bernardo Bertolucci,Last Tango in Paris,False,Golden Globe
1973,Best Director - Motion Picture,Peter Bogdanovich,Paper Moon,False,Golden Globe
1973,Best Director - Motion Picture,George Lucas,American Graffiti,False,Golden Globe
1973,Best Director - Motion Picture,Fred Zinnemann,"Day of the Jackal, The",False,Golden Globe
1974,Best Director - Motion Picture,Roman Polanski,Chinatown,True,Golden Globe
1974,Best Director - Motion Picture,John Cassavetes,"Woman Under The Influence, A",False,Golden Globe
1974,Best Director - Motion Picture,Francis Ford Coppola,"Conversation, The",False,Golden Globe
1974,Best Director - Motion Picture,Francis Ford Coppola,"Godfather Part II, The",False,Golden Globe
1974,Best Director - Motion Picture,Bob Fosse,Lenny,False,Golden Globe
1975,Best Director - Motion Picture,Milos Forman,One Flew Over The Cuckoo's Nest,True,Golden Globe
1975,Best Director - Motion Picture,Robert Altman,Nashville,False,Golden Globe
1975,Best Director - Motion Picture,Stanley Kubrick,Barry Lyndon,False,Golden Globe
1975,Best Director - Motion Picture,Sidney Lumet,Dog Day Afternoon,False,Golden Globe
1975,Best Director - Motion Picture,Steven Spielberg,Jaws,False,Golden Globe
1976,Best Director - Motion Picture,Sidney Lumet,Network,True,Golden Globe
1976,Best Director - Motion Picture,Hal Ashby,Bound for Glory,False,Golden Globe
1976,Best Director - Motion Picture,John G. Avildsen,Rocky,False,Golden Globe
1976,Best Director - Motion Picture,Alan J. Pakula,All The President's Men,False,Golden Globe
1976,Best Director - Motion Picture,John Schlesinger,Marathon Man,False,Golden Globe
1977,Best Director - Motion Picture,Herbert Ross,"Turning Point, The",True,Golden Globe
1977,Best Director - Motion Picture,Woody Allen,Annie Hall,False,Golden Globe
1977,Best Director - Motion Picture,George Lucas,Star Wars: Episode IV - A New Hope,False,Golden Globe
1977,Best Director - Motion Picture,Steven Spielberg,Close Encounters of the Third Kind,False,Golden Globe
1977,Best Director - Motion Picture,Fred Zinnemann,Julia,False,Golden Globe
1978,Best Director - Motion Picture,Michael Cimino,"Deer Hunter, The",True,Golden Globe
1978,Best Director - Motion Picture,Woody Allen,Interiors,False,Golden Globe
1978,Best Director - Motion Picture,Hal Ashby,Coming Home,False,Golden Globe
1978,Best Director - Motion Picture,Terrence Malick,Days of Heaven,False,Golden Globe
1978,Best Director - Motion Picture,Paul Mazursky,"Unmarried Woman, An",False,Golden Globe
1978,Best Director - Motion Picture,Alan Parker,Midnight Express,False,Golden Globe
1979,Best Director - Motion Picture,Francis Ford Coppola,Apocalypse Now,True,Golden Globe
1979,Best Director - Motion Picture,Hal Ashby,Being There,False,Golden Globe
1979,Best Director - Motion Picture,Robert Benton,Kramer vs. Kramer,False,Golden Globe
1979,Best Director - Motion Picture,James Bridges,"China Syndrome, The",False,Golden Globe
1979,Best Director - Motion Picture,Peter Yates,Breaking Away,False,Golden Globe
1980,Best Director - Motion Picture,Robert Redford,Ordinary People,True,Golden Globe
1980,Best Director - Motion Picture,Martin Scorsese,Raging Bull,False,Golden Globe
1980,Best Director - Motion Picture,David Lynch,"Elephant Man, The",False,Golden Globe
1980,Best Director - Motion Picture,Roman Polanski,Tess,False,Golden Globe
1980,Best Director - Motion Picture,Richard Rush,"Stunt Man, The",False,Golden Globe
1981,Best Director - Motion Picture,Warren Beatty,Reds,True,Golden Globe
1981,Best Director - Motion Picture,Mark Rydell,On Golden Pond,False,Golden Globe
1981,Best Director - Motion Picture,Steven Spielberg,Raiders of the Lost Ark,False,Golden Globe
1981,Best Director - Motion Picture,Milos Forman,Ragtime,False,Golden Globe
1981,Best Director - Motion Picture,Sidney Lumet,Prince of the City,False,Golden Globe
1981,Best Director - Motion Picture,Louis Malle,Atlantic City,False,Golden Globe
1982,Best Director - Motion Picture,Richard Attenborough,Gandhi,True,Golden Globe
1982,Best Director - Motion Picture,Steven Spielberg,E. T. The Extra-Terrestrial,False,Golden Globe
1982,Best Director - Motion Picture,Constantin Costa-Gavras,Missing,False,Golden Globe
1982,Best Director - Motion Picture,Sidney Lumet,"Verdict, The",False,Golden Globe
1982,Best Director - Motion Picture,Sydney Pollack,Tootsie,False,Golden Globe
1983,Best Director - Motion Picture,Barbra Streisand,Yentl,True,Golden Globe
1983,Best Director - Motion Picture,Bruce Beresford,Tender Mercies,False,Golden Globe
1983,Best Director - Motion Picture,Ingmar Bergman,Fanny & Alexander,False,Golden Globe
1983,Best Director - Motion Picture,James L. Brooks,Terms of Endearment,False,Golden Globe
1983,Best Director - Motion Picture,Mike Nichols,Silkwood,False,Golden Globe
1983,Best Director - Motion Picture,Peter Yates,The Dresser,False,Golden Globe
1984,Best Director - Motion Picture,Milos Forman,Amadeus,True,Golden Globe
1984,Best Director - Motion Picture,Francis Ford Coppola,"Cotton Club, The",False,Golden Globe
1984,Best Director - Motion Picture,Roland Joffé,"Killing Fields, The",False,Golden Globe
1984,Best Director - Motion Picture,David Lean,"Passage to India, A",False,Golden Globe
1984,Best Director - Motion Picture,Sergio Leone,Once Upon a Time in America,False,Golden Globe
1985,Best Director - Motion Picture,John Huston,Prizzi's Honor,True,Golden Globe
1985,Best Director - Motion Picture,Richard Attenborough,"Chorus Line: The Movie, A",False,Golden Globe
1985,Best Director - Motion Picture,Sydney Pollack,Out of Africa,False,Golden Globe
1985,Best Director - Motion Picture,Steven Spielberg,"Color Purple, The",False,Golden Globe
1985,Best Director - Motion Picture,Peter Weir,Witness,False,Golden Globe
1986,Best Director - Motion Picture,Oliver Stone,Platoon,True,Golden Globe
1986,Best Director - Motion Picture,Rob Reiner,Stand By Me,False,Golden Globe
1986,Best Director - Motion Picture,Woody Allen,Hannah and Her Sisters,False,Golden Globe
1986,Best Director - Motion Picture,James Ivory,"Room with a View, A",False,Golden Globe
1986,Best Director - Motion Picture,Roland Joffé,"Mission, The",False,Golden Globe
1987,Best Director - Motion Picture,Bernardo Bertolucci,"Last Emperor, The",True,Golden Globe
1987,Best Director - Motion Picture,Adrian Lyne,Fatal Attraction,False,Golden Globe
1987,Best Director - Motion Picture,Richard Attenborough,Cry Freedom,False,Golden Globe
1987,Best Director - Motion Picture,John Boorman,Hope and Glory,False,Golden Globe
1987,Best Director - Motion Picture,James L. Brooks,Broadcast News,False,Golden Globe
1988,Best Director - Motion Picture,Clint Eastwood,Bird,True,Golden Globe
1988,Best Director - Motion Picture,Barry Levinson,Rain Man,False,Golden Globe
1988,Best Director - Motion Picture,Sidney Lumet,Running on Empty,False,Golden Globe
1988,Best Director - Motion Picture,Mike Nichols,Working Girl,False,Golden Globe
1988,Best Director - Motion Picture,Alan Parker,Mississippi Burning,False,Golden Globe
1988,Best Director - Motion Picture,Fred Schepisi,"Cry in the Dark, A",False,Golden Globe
1989,Best Director - Motion Picture,Oliver Stone,Born on the Fourth of July,True,Golden Globe
1989,Best Director - Motion Picture,Spike Lee,Do The Right Thing,False,Golden Globe
1989,Best Director - Motion Picture,Rob Reiner,When Harry Met Sally,False,Golden Globe
1989,Best Director - Motion Picture,Peter Weir,Dead Poets Society,False,Golden Globe
1989,Best Director - Motion Picture,Edward Zwick,Glory,False,Golden Globe
1990,Best Director - Motion Picture,Kevin Costner,Dances with Wolves,True,Golden Globe
1990,Best Director - Motion Picture,Bernardo Bertolucci,"Sheltering Sky, The",False,Golden Globe
1990,Best Director - Motion Picture,Francis Ford Coppola,"Godfather Part III, The",False,Golden Globe
1990,Best Director - Motion Picture,Barbet Schroeder,Reversal of Fortune,False,Golden Globe
1990,Best Director - Motion Picture,Martin Scorsese,GoodFellas,False,Golden Globe
1991,Best Director - Motion Picture,Oliver Stone,JFK,True,Golden Globe
1991,Best Director - Motion Picture,Jonathan Demme,"Silence of the Lambs, The",False,Golden Globe
1991,Best Director - Motion Picture,Terry Gilliam,"Fisher King, The",False,Golden Globe
1991,Best Director - Motion Picture,Barry Levinson,Bugsy,False,Golden Globe
1991,Best Director - Motion Picture,Barbra Streisand,"Prince of Tides, The",False,Golden Globe
1992,Best Director - Motion Picture,Clint Eastwood,Unforgiven,True,Golden Globe
1992,Best Director - Motion Picture,Robert Altman,"Player, The",False,Golden Globe
1992,Best Director - Motion Picture,James Ivory,Howards End,False,Golden Globe
1992,Best Director - Motion Picture,Robert Redford,"River Runs Through It, A",False,Golden Globe
1992,Best Director - Motion Picture,Rob Reiner,"Few Good Men, A",False,Golden Globe
1993,Best Director - Motion Picture,Steven Spielberg,Schindler's List,True,Golden Globe
1993,Best Director - Motion Picture,Jane Campion,The Piano,False,Golden Globe
1993,Best Director - Motion Picture,Andrew Davis,"Fugitive, The",False,Golden Globe
1993,Best Director - Motion Picture,James Ivory," Remains of the Day, The",False,Golden Globe
1993,Best Director - Motion Picture,Martin Scorsese,"Age of Innocence, The",False,Golden Globe
1994,Best Director - Motion Picture,Robert Zemeckis,Forrest Gump,True,Golden Globe
1994,Best Director - Motion Picture,Edward Zwick,Legends of the Fall,False,Golden Globe
1994,Best Director - Motion Picture,Robert Redford,Quiz Show,False,Golden Globe
1994,Best Director - Motion Picture,Oliver Stone,Natural Born Killers,False,Golden Globe
1994,Best Director - Motion Picture,Quentin Tarantino,Pulp Fiction,False,Golden Globe
1995,Best Director - Motion Picture,Mel Gibson,Braveheart,True,Golden Globe
1995,Best Director - Motion Picture,Mike Figgis,Leaving Las Vegas,False,Golden Globe
1995,Best Director - Motion Picture,Ron Howard,Apollo 13,False,Golden Globe
1995,Best Director - Motion Picture,Ang Lee,Sense and Sensibility,False,Golden Globe
1995,Best Director - Motion Picture,Rob Reiner,"American President, The",False,Golden Globe
1995,Best Director - Motion Picture,Martin Scorsese,Casino,False,Golden Globe
1996,Best Director - Motion Picture,Milos Forman,"People vs. Larry Flynt, The",True,Golden Globe
1996,Best Director - Motion Picture,Joel Coen,Fargo,False,Golden Globe
1996,Best Director - Motion Picture,Scott Hicks,Shine,False,Golden Globe
1996,Best Director - Motion Picture,Anthony Minghella,The English Patient,False,Golden Globe
1996,Best Director - Motion Picture,Alan Parker,Evita,False,Golden Globe
1997,Best Director - Motion Picture,James Cameron,Titanic,True,Golden Globe
1997,Best Director - Motion Picture,Steven Spielberg,Amistad,False,Golden Globe
1997,Best Director - Motion Picture,James L. Brooks,As Good as It Gets,False,Golden Globe
1997,Best Director - Motion Picture,Curtis Hanson,L.A. Confidential,False,Golden Globe
1997,Best Director - Motion Picture,Jim Sheridan,"Boxer, The",False,Golden Globe
1998,Best Director - Motion Picture,Steven Spielberg,Saving Private Ryan,True,Golden Globe
1998,Best Director - Motion Picture,Shekhar Kapur,Elizabeth,False,Golden Globe
1998,Best Director - Motion Picture,John Madden,Shakespeare in Love,False,Golden Globe
1998,Best Director - Motion Picture,Robert Redford,"Horse Whisperer, The",False,Golden Globe
1998,Best Director - Motion Picture,Peter Weir,The Truman Show,False,Golden Globe
1999,Best Director - Motion Picture,Sam Mendes,American Beauty,True,Golden Globe
1999,Best Director - Motion Picture,Norman Jewison,"Hurricane, The",False,Golden Globe
1999,Best Director - Motion Picture,Neil Jordan,The End of the Affair,False,Golden Globe
1999,Best Director - Motion Picture,Michael Mann,The Insider,False,Golden Globe
1999,Best Director - Motion Picture,Anthony Minghella,The Talented Mr. Ripley,False,Golden Globe
2000,Best Director - Motion Picture,Ang Lee,"Crouching Tiger, Hidden Dragon",True,Golden Globe
2000,Best Director - Motion Picture,Ridley Scott,Gladiator,False,Golden Globe
2000,Best Director - Motion Picture,Steven Soderbergh,Erin Brockovich,False,Golden Globe
2000,Best Director - Motion Picture,Steven Soderbergh,Traffic,False,Golden Globe
2000,Best Director - Motion Picture,István Szabó,Sunshine,False,Golden Globe
2001,Best Director - Motion Picture,Robert Altman,Gosford Park,True,Golden Globe
2001,Best Director - Motion Picture,Ron Howard,A Beautiful Mind,False,Golden Globe
2001,Best Director - Motion Picture,Peter Jackson,The Lord of the Rings: The Fellowship of the Ring,False,Golden Globe
2001,Best Director - Motion Picture,Baz Luhrmann,Moulin Rouge!,False,Golden Globe
2001,Best Director - Motion Picture,David Lynch,Mulholland Dr.,False,Golden Globe
2001,Best Director - Motion Picture,Steven Spielberg,A. I.: Artificial Intelligence,False,Golden Globe
2002,Best Director - Motion Picture,Martin Scorsese,Gangs of New York,True,Golden Globe
2002,Best Director - Motion Picture,Stephen Daldry,The Hours,False,Golden Globe
2002,Best Director - Motion Picture,Peter Jackson,"Lord of the Rings: The Two Towers, The",False,Golden Globe
2002,Best Director - Motion Picture,Spike Jonze,Adaptation,False,Golden Globe
2002,Best Director - Motion Picture,Rob Marshall,Chicago,False,Golden Globe
2002,Best Director - Motion Picture,Alexander Payne,About Schmidt,False,Golden Globe
2003,Best Director - Motion Picture,Peter Jackson,The Lord of the Rings: The Return of the King,True,Golden Globe
2003,Best Director - Motion Picture,Sofia Coppola,Lost in Translation,False,Golden Globe
2003,Best Director - Motion Picture,Clint Eastwood,Mystic River,False,Golden Globe
2003,Best Director - Motion Picture,Anthony Minghella,Cold Mountain,False,Golden Globe
2003,Best Director - Motion Picture,Peter Weir,Master and Commander: The Far Side of the World,False,Golden Globe
2004,Best Director - Motion Picture,Clint Eastwood,Million Dollar Baby,True,Golden Globe
2004,Best Director - Motion Picture,Marc Forster,Finding Neverland,False,Golden Globe
2004,Best Director - Motion Picture,Mike Nichols,Closer,False,Golden Globe
2004,Best Director - Motion Picture,Martin Scorsese,The Aviator,False,Golden Globe
2004,Best Director - Motion Picture,Alexander Payne,Sideways,False,Golden Globe
2005,Best Director - Motion Picture,Ang Lee,Brokeback Mountain,True,Golden Globe
2005,Best Director - Motion Picture,Woody Allen,Match Point,False,Golden Globe
2005,Best Director - Motion Picture,George Clooney,"Good Night, and Good Luck",False,Golden Globe
2005,Best Director - Motion Picture,Fernando Meirelles,"Constant Gardener, The",False,Golden Globe
2005,Best Director - Motion Picture,Steven Spielberg,Munich,False,Golden Globe
2005,Best Director - Motion Picture,Peter Jackson,King Kong (2005),False,Golden Globe
2006,Best Director - Motion Picture,Martin Scorsese,"Departed, The",True,Golden Globe
2006,Best Director - Motion Picture,Clint Eastwood,Flags of Our Fathers,False,Golden Globe
2006,Best Director - Motion Picture,Clint Eastwood,Letters from Iwo Jima,False,Golden Globe
2006,Best Director - Motion Picture,Stephen Frears,"Queen, The",False,Golden Globe
2006,Best Director - Motion Picture,Alejandro González Iñárritu,Babel,False,Golden Globe
2007,Best Director - Motion Picture,Julian Schnabel,The Diving Bell and the Butterfly,True,Golden Globe
2007,Best Director - Motion Picture,Ridley Scott,American Gangster,False,Golden Globe
2007,Best Director - Motion Picture,Joe Wright,Atonement,False,Golden Globe
2007,Best Director - Motion Picture,Tim Burton,Sweeney Todd: The Demon Barber of Fleet Street,False,Golden Globe
2007,Best Director - Motion Picture,"Ethan Coen, Joel Coen",No Country for Old Men,False,Golden Globe
2008,Best Director - Motion Picture,Danny Boyle,Slumdog Millionaire,True,Golden Globe
2008,Best Director - Motion Picture,Stephen Daldry,"Reader, The",False,Golden Globe
2008,Best Director - Motion Picture,David Fincher,The Curious Case of Benjamin Button,False,Golden Globe
2008,Best Director - Motion Picture,Ron Howard,Frost/Nixon,False,Golden Globe
2008,Best Director - Motion Picture,Sam Mendes,Revolutionary Road,False,Golden Globe
2009,Best Director - Motion Picture,James Cameron,Avatar,True,Golden Globe
2009,Best Director - Motion Picture,Kathryn Bigelow,"Hurt Locker, The",False,Golden Globe
2009,Best Director - Motion Picture,Jason Reitman,Up In The Air,False,Golden Globe
2009,Best Director - Motion Picture,Quentin Tarantino,Inglourious Basterds,False,Golden Globe
2009,Best Director - Motion Picture,Clint Eastwood,Invictus,False,Golden Globe
2010,Best Director - Motion Picture,David Fincher,The Social Network,True,Golden Globe
2010,Best Director - Motion Picture,Darren Aronofsky,Black Swan,False,Golden Globe
2010,Best Director - Motion Picture,Tom Hooper,The King's Speech,False,Golden Globe
2010,Best Director - Motion Picture,Christopher Nolan,Inception,False,Golden Globe
2010,Best Director - Motion Picture,David O. Russell,"Fighter, The",False,Golden Globe
2011,Best Director - Motion Picture,Martin Scorsese,Hugo,True,Golden Globe
2011,Best Director - Motion Picture,Alexander Payne,"Descendants, The",False,Golden Globe
2011,Best Director - Motion Picture,Woody Allen,Midnight In Paris,False,Golden Globe
2011,Best Director - Motion Picture,George Clooney,"Ides of March, The",False,Golden Globe
2011,Best Director - Motion Picture,Michel Hazanavicius,The Artist,False,Golden Globe
2012,Best Director - Motion Picture,Ben Affleck,Argo,True,Golden Globe
2012,Best Director - Motion Picture,Ang Lee,Life of Pi,False,Golden Globe
2012,Best Director - Motion Picture,Steven Spielberg,Lincoln,False,Golden Globe
2012,Best Director - Motion Picture,Kathryn Bigelow,Zero Dark Thirty 	,False,Golden Globe
2012,Best Director - Motion Picture,Quentin Tarantino,Django Unchained,False,Golden Globe
2013,Best Director - Motion Picture,Alfonso Cuarón,Gravity,True,Golden Globe
2013,Best Director - Motion Picture,Steve McQueen,12 Years a Slave,False,Golden Globe
2013,Best Director - Motion Picture,Paul Greengrass,Captain Phillips,False,Golden Globe
2013,Best Director - Motion Picture,David O. Russell,American Hustle,False,Golden Globe
2013,Best Director - Motion Picture,Alexander Payne,Nebraska,False,Golden Globe
2014,Best Director - Motion Picture,Richard Linklater,Boyhood,True,Golden Globe
2014,Best Director - Motion Picture,Alejandro González Iñárritu,Birdman,False,Golden Globe
2014,Best Director - Motion Picture,David Fincher,Gone Girl,False,Golden Globe
2014,Best Director - Motion Picture,Wes Anderson,"Grand Budapest Hotel, The",False,Golden Globe
2014,Best Director - Motion Picture,Ava DuVernay,Selma,False,Golden Globe
2015,Best Director - Motion Picture,Alejandro González Iñárritu,The Revenant,True,Golden Globe
2015,Best Director - Motion Picture,Ridley Scott,The Martian,False,Golden Globe
2015,Best Director - Motion Picture,Todd Haynes,Carol,False,Golden Globe
2015,Best Director - Motion Picture,George Miller,Mad Max: Fury Road,False,Golden Globe
2015,Best Director - Motion Picture,Tom McCarthy,Spotlight,False,Golden Globe
2016,Best Director - Motion Picture,Damien Chazelle,La La Land,True,Golden Globe
2016,Best Director - Motion Picture,Barry Jenkins,Moonlight,False,Golden Globe
2016,Best Director - Motion Picture,Kenneth Lonergan,Manchester by the Sea,False,Golden Globe
2016,Best Director - Motion Picture,Tom Ford,Nocturnal Animals,False,Golden Globe
2016,Best Director - Motion Picture,Mel Gibson,Hacksaw Ridge,False,Golden Globe
2017,Best Director - Motion Picture,Guillermo del Toro,The Shape of Water,True,Golden Globe
2017,Best Director - Motion Picture,Ridley Scott,All The Money In The World,False,Golden Globe
2017,Best Director - Motion Picture,Steven Spielberg,The Post,False,Golden Globe
2017,Best Director - Motion Picture,Martin McDonagh,"Three Billboards Outside Ebbing, Missouri",False,Golden Globe
2017,Best Director - Motion Picture,Christopher Nolan,Dunkirk,False,Golden Globe
2018,Best Director - Motion Picture,Alfonso Cuarón,Roma,True,Golden Globe
2018,Best Director - Motion Picture,Bradley Cooper,"Star Is Born, A (2018)",False,Golden Globe
2018,Best Director - Motion Picture,Peter Farrelly,Green Book,False,Golden Globe
2018,Best Director - Motion Picture,Spike Lee,BlacKkKlansman,False,Golden Globe
2018,Best Director - Motion Picture,Adam McKay,Vice,False,Golden Globe
2019,Best Director - Motion Picture,Sam Mendes,1917,True,Golden Globe
2019,Best Director - Motion Picture,Bong Joon Ho,Parasite,False,Golden Globe
2019,Best Director - Motion Picture,Todd Phillips,Joker,False,Golden Globe
2019,Best Director - Motion Picture,Martin Scorsese,"Irishman, The",False,Golden Globe
2019,Best Director - Motion Picture,Quentin Tarantino,Once Upon a Time...in Hollywood,False,Golden Globe
